example,generation,genotype,probability,exact_fraction
abo_p35,1,AA,0.0,0
abo_p35,1,AO,1.0,1
abo_p35,1,BB,0.0,0
abo_p35,1,BO,0.0,0
abo_p35,1,AB,0.0,0
abo_p35,1,OO,0.0,0
abo_p35,2,AA,0.25,1/4
abo_p35,2,AO,0.5,1/2
abo_p35,2,BB,0.0,0
abo_p35,2,BO,0.0,0
abo_p35,2,AB,0.0,0
abo_p35,2,OO,0.25,1/4
abo_p35,3,AA,0.25,1/4
abo_p35,3,AO,0.5,1/2
abo_p35,3,BB,0.0,0
abo_p35,3,BO,0.0,0
abo_p35,3,AB,0.0,0
abo_p35,3,OO,0.25,1/4
abo_p36,1,AA,0.0,0
abo_p36,1,AO,0.25,1/4
abo_p36,1,BB,0.0,0
abo_p36,1,BO,0.25,1/4
abo_p36,1,AB,0.25,1/4
abo_p36,1,OO,0.25,1/4
abo_p36,2,AA,0.0625,1/16
abo_p36,2,AO,0.25,1/4
abo_p36,2,BB,0.0625,1/16
abo_p36,2,BO,0.25,1/4
abo_p36,2,AB,0.125,1/8
abo_p36,2,OO,0.25,1/4
abo_p36,3,AA,0.0625,1/16
abo_p36,3,AO,0.25,1/4
abo_p36,3,BB,0.0625,1/16
abo_p36,3,BO,0.25,1/4
abo_p36,3,AB,0.125,1/8
abo_p36,3,OO,0.25,1/4
abo_p36,4,AA,0.0625,1/16
abo_p36,4,AO,0.25,1/4
abo_p36,4,BB,0.0625,1/16
abo_p36,4,BO,0.25,1/4
abo_p36,4,AB,0.125,1/8
abo_p36,4,OO,0.25,1/4
aborh_p49,1,AA/DD,0.0625,1/16
aborh_p49,1,AA/Dd,0.125,1/8
aborh_p49,1,AA/dd,0.0625,1/16
aborh_p49,1,AO/DD,0.125,1/8
aborh_p49,1,AO/Dd,0.25,1/4
aborh_p49,1,AO/dd,0.125,1/8
aborh_p49,1,BB/DD,0.0,0
aborh_p49,1,BB/Dd,0.0,0
aborh_p49,1,BB/dd,0.0,0
aborh_p49,1,BO/DD,0.0,0
aborh_p49,1,BO/Dd,0.0,0
aborh_p49,1,BO/dd,0.0,0
aborh_p49,1,AB/DD,0.0,0
aborh_p49,1,AB/Dd,0.0,0
aborh_p49,1,AB/dd,0.0,0
aborh_p49,1,OO/DD,0.0625,1/16
aborh_p49,1,OO/Dd,0.125,1/8
aborh_p49,1,OO/dd,0.0625,1/16
aborh_p49,2,AA/DD,0.0625,1/16
aborh_p49,2,AA/Dd,0.125,1/8
aborh_p49,2,AA/dd,0.0625,1/16
aborh_p49,2,AO/DD,0.125,1/8
aborh_p49,2,AO/Dd,0.25,1/4
aborh_p49,2,AO/dd,0.125,1/8
aborh_p49,2,BB/DD,0.0,0
aborh_p49,2,BB/Dd,0.0,0
aborh_p49,2,BB/dd,0.0,0
aborh_p49,2,BO/DD,0.0,0
aborh_p49,2,BO/Dd,0.0,0
aborh_p49,2,BO/dd,0.0,0
aborh_p49,2,AB/DD,0.0,0
aborh_p49,2,AB/Dd,0.0,0
aborh_p49,2,AB/dd,0.0,0
aborh_p49,2,OO/DD,0.0625,1/16
aborh_p49,2,OO/Dd,0.125,1/8
aborh_p49,2,OO/dd,0.0625,1/16
aborh_p49,3,AA/DD,0.0625,1/16
aborh_p49,3,AA/Dd,0.125,1/8
aborh_p49,3,AA/dd,0.0625,1/16
aborh_p49,3,AO/DD,0.125,1/8
aborh_p49,3,AO/Dd,0.25,1/4
aborh_p49,3,AO/dd,0.125,1/8
aborh_p49,3,BB/DD,0.0,0
aborh_p49,3,BB/Dd,0.0,0
aborh_p49,3,BB/dd,0.0,0
aborh_p49,3,BO/DD,0.0,0
aborh_p49,3,BO/Dd,0.0,0
aborh_p49,3,BO/dd,0.0,0
aborh_p49,3,AB/DD,0.0,0
aborh_p49,3,AB/Dd,0.0,0
aborh_p49,3,AB/dd,0.0,0
aborh_p49,3,OO/DD,0.0625,1/16
aborh_p49,3,OO/Dd,0.125,1/8
aborh_p49,3,OO/dd,0.0625,1/16
aborh_p50_top,1,AA/DD,0.0,0
aborh_p50_top,1,AA/Dd,0.0,0
aborh_p50_top,1,AA/dd,0.0,0
aborh_p50_top,1,AO/DD,0.0,0
aborh_p50_top,1,AO/Dd,0.25,1/4
aborh_p50_top,1,AO/dd,0.25,1/4
aborh_p50_top,1,BB/DD,0.0,0
aborh_p50_top,1,BB/Dd,0.0,0
aborh_p50_top,1,BB/dd,0.0,0
aborh_p50_top,1,BO/DD,0.0,0
aborh_p50_top,1,BO/Dd,0.0,0
aborh_p50_top,1,BO/dd,0.0,0
aborh_p50_top,1,AB/DD,0.0,0
aborh_p50_top,1,AB/Dd,0.25,1/4
aborh_p50_top,1,AB/dd,0.25,1/4
aborh_p50_top,1,OO/DD,0.0,0
aborh_p50_top,1,OO/Dd,0.0,0
aborh_p50_top,1,OO/dd,0.0,0
aborh_p50_top,2,AA/DD,0.015625,1/64
aborh_p50_top,2,AA/Dd,0.09375,3/32
aborh_p50_top,2,AA/dd,0.140625,9/64
aborh_p50_top,2,AO/DD,0.015625,1/64
aborh_p50_top,2,AO/Dd,0.09375,3/32
aborh_p50_top,2,AO/dd,0.140625,9/64
aborh_p50_top,2,BB/DD,0.00390625,1/256
aborh_p50_top,2,BB/Dd,0.0234375,3/128
aborh_p50_top,2,BB/dd,0.03515625,9/256
aborh_p50_top,2,BO/DD,0.0078125,1/128
aborh_p50_top,2,BO/Dd,0.046875,3/64
aborh_p50_top,2,BO/dd,0.0703125,9/128
aborh_p50_top,2,AB/DD,0.015625,1/64
aborh_p50_top,2,AB/Dd,0.09375,3/32
aborh_p50_top,2,AB/dd,0.140625,9/64
aborh_p50_top,2,OO/DD,0.00390625,1/256
aborh_p50_top,2,OO/Dd,0.0234375,3/128
aborh_p50_top,2,OO/dd,0.03515625,9/256
aborh_p50_top,3,AA/DD,0.015625,1/64
aborh_p50_top,3,AA/Dd,0.09375,3/32
aborh_p50_top,3,AA/dd,0.140625,9/64
aborh_p50_top,3,AO/DD,0.015625,1/64
aborh_p50_top,3,AO/Dd,0.09375,3/32
aborh_p50_top,3,AO/dd,0.140625,9/64
aborh_p50_top,3,BB/DD,0.00390625,1/256
aborh_p50_top,3,BB/Dd,0.0234375,3/128
aborh_p50_top,3,BB/dd,0.03515625,9/256
aborh_p50_top,3,BO/DD,0.0078125,1/128
aborh_p50_top,3,BO/Dd,0.046875,3/64
aborh_p50_top,3,BO/dd,0.0703125,9/128
aborh_p50_top,3,AB/DD,0.015625,1/64
aborh_p50_top,3,AB/Dd,0.09375,3/32
aborh_p50_top,3,AB/dd,0.140625,9/64
aborh_p50_top,3,OO/DD,0.00390625,1/256
aborh_p50_top,3,OO/Dd,0.0234375,3/128
aborh_p50_top,3,OO/dd,0.03515625,9/256
aborh_p50_top,4,AA/DD,0.015625,1/64
aborh_p50_top,4,AA/Dd,0.09375,3/32
aborh_p50_top,4,AA/dd,0.140625,9/64
aborh_p50_top,4,AO/DD,0.015625,1/64
aborh_p50_top,4,AO/Dd,0.09375,3/32
aborh_p50_top,4,AO/dd,0.140625,9/64
aborh_p50_top,4,BB/DD,0.00390625,1/256
aborh_p50_top,4,BB/Dd,0.0234375,3/128
aborh_p50_top,4,BB/dd,0.03515625,9/256
aborh_p50_top,4,BO/DD,0.0078125,1/128
aborh_p50_top,4,BO/Dd,0.046875,3/64
aborh_p50_top,4,BO/dd,0.0703125,9/128
aborh_p50_top,4,AB/DD,0.015625,1/64
aborh_p50_top,4,AB/Dd,0.09375,3/32
aborh_p50_top,4,AB/dd,0.140625,9/64
aborh_p50_top,4,OO/DD,0.00390625,1/256
aborh_p50_top,4,OO/Dd,0.0234375,3/128
aborh_p50_top,4,OO/dd,0.03515625,9/256
aborh_p50_top,5,AA/DD,0.015625,1/64
aborh_p50_top,5,AA/Dd,0.09375,3/32
aborh_p50_top,5,AA/dd,0.140625,9/64
aborh_p50_top,5,AO/DD,0.015625,1/64
aborh_p50_top,5,AO/Dd,0.09375,3/32
aborh_p50_top,5,AO/dd,0.140625,9/64
aborh_p50_top,5,BB/DD,0.00390625,1/256
aborh_p50_top,5,BB/Dd,0.0234375,3/128
aborh_p50_top,5,BB/dd,0.03515625,9/256
aborh_p50_top,5,BO/DD,0.0078125,1/128
aborh_p50_top,5,BO/Dd,0.046875,3/64
aborh_p50_top,5,BO/dd,0.0703125,9/128
aborh_p50_top,5,AB/DD,0.015625,1/64
aborh_p50_top,5,AB/Dd,0.09375,3/32
aborh_p50_top,5,AB/dd,0.140625,9/64
aborh_p50_top,5,OO/DD,0.00390625,1/256
aborh_p50_top,5,OO/Dd,0.0234375,3/128
aborh_p50_top,5,OO/dd,0.03515625,9/256
aborh_p50_top,6,AA/DD,0.015625,1/64
aborh_p50_top,6,AA/Dd,0.09375,3/32
aborh_p50_top,6,AA/dd,0.140625,9/64
aborh_p50_top,6,AO/DD,0.015625,1/64
aborh_p50_top,6,AO/Dd,0.09375,3/32
aborh_p50_top,6,AO/dd,0.140625,9/64
aborh_p50_top,6,BB/DD,0.00390625,1/256
aborh_p50_top,6,BB/Dd,0.0234375,3/128
aborh_p50_top,6,BB/dd,0.03515625,9/256
aborh_p50_top,6,BO/DD,0.0078125,1/128
aborh_p50_top,6,BO/Dd,0.046875,3/64
aborh_p50_top,6,BO/dd,0.0703125,9/128
aborh_p50_top,6,AB/DD,0.015625,1/64
aborh_p50_top,6,AB/Dd,0.09375,3/32
aborh_p50_top,6,AB/dd,0.140625,9/64
aborh_p50_top,6,OO/DD,0.00390625,1/256
aborh_p50_top,6,OO/Dd,0.0234375,3/128
aborh_p50_top,6,OO/dd,0.03515625,9/256
aborh_p50_top,7,AA/DD,0.015625,1/64
aborh_p50_top,7,AA/Dd,0.09375,3/32
aborh_p50_top,7,AA/dd,0.140625,9/64
aborh_p50_top,7,AO/DD,0.015625,1/64
aborh_p50_top,7,AO/Dd,0.09375,3/32
aborh_p50_top,7,AO/dd,0.140625,9/64
aborh_p50_top,7,BB/DD,0.00390625,1/256
aborh_p50_top,7,BB/Dd,0.0234375,3/128
aborh_p50_top,7,BB/dd,0.03515625,9/256
aborh_p50_top,7,BO/DD,0.0078125,1/128
aborh_p50_top,7,BO/Dd,0.046875,3/64
aborh_p50_top,7,BO/dd,0.0703125,9/128
aborh_p50_top,7,AB/DD,0.015625,1/64
aborh_p50_top,7,AB/Dd,0.09375,3/32
aborh_p50_top,7,AB/dd,0.140625,9/64
aborh_p50_top,7,OO/DD,0.00390625,1/256
aborh_p50_top,7,OO/Dd,0.0234375,3/128
aborh_p50_top,7,OO/dd,0.03515625,9/256
aborh_p50_bottom,1,AA/DD,0.0,0
aborh_p50_bottom,1,AA/Dd,0.0,0
aborh_p50_bottom,1,AA/dd,0.0,0
aborh_p50_bottom,1,AO/DD,0.0,0
aborh_p50_bottom,1,AO/Dd,0.25,1/4
aborh_p50_bottom,1,AO/dd,0.25,1/4
aborh_p50_bottom,1,BB/DD,0.0,0
aborh_p50_bottom,1,BB/Dd,0.0,0
aborh_p50_bottom,1,BB/dd,0.0,0
aborh_p50_bottom,1,BO/DD,0.0,0
aborh_p50_bottom,1,BO/Dd,0.25,1/4
aborh_p50_bottom,1,BO/dd,0.25,1/4
aborh_p50_bottom,1,AB/DD,0.0,0
aborh_p50_bottom,1,AB/Dd,0.0,0
aborh_p50_bottom,1,AB/dd,0.0,0
aborh_p50_bottom,1,OO/DD,0.0,0
aborh_p50_bottom,1,OO/Dd,0.0,0
aborh_p50_bottom,1,OO/dd,0.0,0
aborh_p50_bottom,2,AA/DD,0.00390625,1/256
aborh_p50_bottom,2,AA/Dd,0.0234375,3/128
aborh_p50_bottom,2,AA/dd,0.03515625,9/256
aborh_p50_bottom,2,AO/DD,0.015625,1/64
aborh_p50_bottom,2,AO/Dd,0.09375,3/32
aborh_p50_bottom,2,AO/dd,0.140625,9/64
aborh_p50_bottom,2,BB/DD,0.00390625,1/256
aborh_p50_bottom,2,BB/Dd,0.0234375,3/128
aborh_p50_bottom,2,BB/dd,0.03515625,9/256
aborh_p50_bottom,2,BO/DD,0.015625,1/64
aborh_p50_bottom,2,BO/Dd,0.09375,3/32
aborh_p50_bottom,2,BO/dd,0.140625,9/64
aborh_p50_bottom,2,AB/DD,0.0078125,1/128
aborh_p50_bottom,2,AB/Dd,0.046875,3/64
aborh_p50_bottom,2,AB/dd,0.0703125,9/128
aborh_p50_bottom,2,OO/DD,0.015625,1/64
aborh_p50_bottom,2,OO/Dd,0.09375,3/32
aborh_p50_bottom,2,OO/dd,0.140625,9/64
aborh_p50_bottom,3,AA/DD,0.00390625,1/256
aborh_p50_bottom,3,AA/Dd,0.0234375,3/128
aborh_p50_bottom,3,AA/dd,0.03515625,9/256
aborh_p50_bottom,3,AO/DD,0.015625,1/64
aborh_p50_bottom,3,AO/Dd,0.09375,3/32
aborh_p50_bottom,3,AO/dd,0.140625,9/64
aborh_p50_bottom,3,BB/DD,0.00390625,1/256
aborh_p50_bottom,3,BB/Dd,0.0234375,3/128
aborh_p50_bottom,3,BB/dd,0.03515625,9/256
aborh_p50_bottom,3,BO/DD,0.015625,1/64
aborh_p50_bottom,3,BO/Dd,0.09375,3/32
aborh_p50_bottom,3,BO/dd,0.140625,9/64
aborh_p50_bottom,3,AB/DD,0.0078125,1/128
aborh_p50_bottom,3,AB/Dd,0.046875,3/64
aborh_p50_bottom,3,AB/dd,0.0703125,9/128
aborh_p50_bottom,3,OO/DD,0.015625,1/64
aborh_p50_bottom,3,OO/Dd,0.09375,3/32
aborh_p50_bottom,3,OO/dd,0.140625,9/64
aborh_p50_bottom,4,AA/DD,0.00390625,1/256
aborh_p50_bottom,4,AA/Dd,0.0234375,3/128
aborh_p50_bottom,4,AA/dd,0.03515625,9/256
aborh_p50_bottom,4,AO/DD,0.015625,1/64
aborh_p50_bottom,4,AO/Dd,0.09375,3/32
aborh_p50_bottom,4,AO/dd,0.140625,9/64
aborh_p50_bottom,4,BB/DD,0.00390625,1/256
aborh_p50_bottom,4,BB/Dd,0.0234375,3/128
aborh_p50_bottom,4,BB/dd,0.03515625,9/256
aborh_p50_bottom,4,BO/DD,0.015625,1/64
aborh_p50_bottom,4,BO/Dd,0.09375,3/32
aborh_p50_bottom,4,BO/dd,0.140625,9/64
aborh_p50_bottom,4,AB/DD,0.0078125,1/128
aborh_p50_bottom,4,AB/Dd,0.046875,3/64
aborh_p50_bottom,4,AB/dd,0.0703125,9/128
aborh_p50_bottom,4,OO/DD,0.015625,1/64
aborh_p50_bottom,4,OO/Dd,0.09375,3/32
aborh_p50_bottom,4,OO/dd,0.140625,9/64
aborh_p50_bottom,5,AA/DD,0.00390625,1/256
aborh_p50_bottom,5,AA/Dd,0.0234375,3/128
aborh_p50_bottom,5,AA/dd,0.03515625,9/256
aborh_p50_bottom,5,AO/DD,0.015625,1/64
aborh_p50_bottom,5,AO/Dd,0.09375,3/32
aborh_p50_bottom,5,AO/dd,0.140625,9/64
aborh_p50_bottom,5,BB/DD,0.00390625,1/256
aborh_p50_bottom,5,BB/Dd,0.0234375,3/128
aborh_p50_bottom,5,BB/dd,0.03515625,9/256
aborh_p50_bottom,5,BO/DD,0.015625,1/64
aborh_p50_bottom,5,BO/Dd,0.09375,3/32
aborh_p50_bottom,5,BO/dd,0.140625,9/64
aborh_p50_bottom,5,AB/DD,0.0078125,1/128
aborh_p50_bottom,5,AB/Dd,0.046875,3/64
aborh_p50_bottom,5,AB/dd,0.0703125,9/128
aborh_p50_bottom,5,OO/DD,0.015625,1/64
aborh_p50_bottom,5,OO/Dd,0.09375,3/32
aborh_p50_bottom,5,OO/dd,0.140625,9/64
aborh_p50_bottom,6,AA/DD,0.00390625,1/256
aborh_p50_bottom,6,AA/Dd,0.0234375,3/128
aborh_p50_bottom,6,AA/dd,0.03515625,9/256
aborh_p50_bottom,6,AO/DD,0.015625,1/64
aborh_p50_bottom,6,AO/Dd,0.09375,3/32
aborh_p50_bottom,6,AO/dd,0.140625,9/64
aborh_p50_bottom,6,BB/DD,0.00390625,1/256
aborh_p50_bottom,6,BB/Dd,0.0234375,3/128
aborh_p50_bottom,6,BB/dd,0.03515625,9/256
aborh_p50_bottom,6,BO/DD,0.015625,1/64
aborh_p50_bottom,6,BO/Dd,0.09375,3/32
aborh_p50_bottom,6,BO/dd,0.140625,9/64
aborh_p50_bottom,6,AB/DD,0.0078125,1/128
aborh_p50_bottom,6,AB/Dd,0.046875,3/64
aborh_p50_bottom,6,AB/dd,0.0703125,9/128
aborh_p50_bottom,6,OO/DD,0.015625,1/64
aborh_p50_bottom,6,OO/Dd,0.09375,3/32
aborh_p50_bottom,6,OO/dd,0.140625,9/64
aborh_p50_bottom,7,AA/DD,0.00390625,1/256
aborh_p50_bottom,7,AA/Dd,0.0234375,3/128
aborh_p50_bottom,7,AA/dd,0.03515625,9/256
aborh_p50_bottom,7,AO/DD,0.015625,1/64
aborh_p50_bottom,7,AO/Dd,0.09375,3/32
aborh_p50_bottom,7,AO/dd,0.140625,9/64
aborh_p50_bottom,7,BB/DD,0.00390625,1/256
aborh_p50_bottom,7,BB/Dd,0.0234375,3/128
aborh_p50_bottom,7,BB/dd,0.03515625,9/256
aborh_p50_bottom,7,BO/DD,0.015625,1/64
aborh_p50_bottom,7,BO/Dd,0.09375,3/32
aborh_p50_bottom,7,BO/dd,0.140625,9/64
aborh_p50_bottom,7,AB/DD,0.0078125,1/128
aborh_p50_bottom,7,AB/Dd,0.046875,3/64
aborh_p50_bottom,7,AB/dd,0.0703125,9/128
aborh_p50_bottom,7,OO/DD,0.015625,1/64
aborh_p50_bottom,7,OO/Dd,0.09375,3/32
aborh_p50_bottom,7,OO/dd,0.140625,9/64
aborh_p50_bottom,8,AA/DD,0.00390625,1/256
aborh_p50_bottom,8,AA/Dd,0.0234375,3/128
aborh_p50_bottom,8,AA/dd,0.03515625,9/256
aborh_p50_bottom,8,AO/DD,0.015625,1/64
aborh_p50_bottom,8,AO/Dd,0.09375,3/32
aborh_p50_bottom,8,AO/dd,0.140625,9/64
aborh_p50_bottom,8,BB/DD,0.00390625,1/256
aborh_p50_bottom,8,BB/Dd,0.0234375,3/128
aborh_p50_bottom,8,BB/dd,0.03515625,9/256
aborh_p50_bottom,8,BO/DD,0.015625,1/64
aborh_p50_bottom,8,BO/Dd,0.09375,3/32
aborh_p50_bottom,8,BO/dd,0.140625,9/64
aborh_p50_bottom,8,AB/DD,0.0078125,1/128
aborh_p50_bottom,8,AB/Dd,0.046875,3/64
aborh_p50_bottom,8,AB/dd,0.0703125,9/128
aborh_p50_bottom,8,OO/DD,0.015625,1/64
aborh_p50_bottom,8,OO/Dd,0.09375,3/32
aborh_p50_bottom,8,OO/dd,0.140625,9/64
