input_variant,system,rank,parent1,parent2,percent
paper_alleles_exact,ABO,1,AO,OO,30.309161688
paper_alleles_exact,ABO,2,OO,OO,19.3220905761
paper_alleles_exact,ABO,3,AO,AO,11.88594576
paper_alleles_exact,ABO,4,BO,OO,8.9761748076
paper_alleles_exact,ABO,5,AO,BO,7.040137104
paper_alleles_exact,ABO,6,AA,OO,5.94297288
paper_alleles_exact,ABO,7,AA,AO,4.6611552
paper_alleles_exact,ABO,8,AB,OO,3.520068552
paper_alleles_exact,ABO,9,AO,AB,2.76083808
paper_alleles_exact,ABO,10,AA,BO,1.38041904
paper_alleles_exact,ABO,11,BO,BO,1.0424818404
paper_alleles_exact,ABO,12,BO,AB,0.817632816
paper_alleles_exact,ABO,13,AA,AB,0.5413408
paper_alleles_exact,ABO,14,BB,OO,0.5212409202
paper_alleles_exact,ABO,15,AA,AA,0.456976
paper_alleles_exact,ABO,16,AO,BB,0.408816408
paper_alleles_exact,ABO,17,AB,AB,0.16032016
paper_alleles_exact,ABO,18,BB,BO,0.1210725516
paper_alleles_exact,ABO,19,AA,BB,0.08016008
paper_alleles_exact,ABO,20,BB,AB,0.047479432
paper_alleles_exact,ABO,21,BB,BB,0.0035153041
paper_alleles_exact,ABO+Rh,1,AO/DD,OO/DD,8.865988660261086
paper_alleles_exact,ABO+Rh,2,OO/DD,OO/Dd,8.133511034309509
paper_alleles_exact,ABO+Rh,3,AO/DD,OO/Dd,6.379224340634908
paper_alleles_exact,ABO+Rh,4,AO/Dd,OO/DD,6.379224340634908
paper_alleles_exact,ABO+Rh,5,OO/DD,OO/DD,5.652067770916442
paper_alleles_exact,ABO+Rh,6,AO/DD,AO/Dd,5.003313208341105
paper_alleles_exact,ABO+Rh,7,AO/Dd,OO/Dd,4.589956602420299
paper_alleles_exact,ABO+Rh,8,AO/DD,AO/DD,3.4768582981416025
paper_alleles_exact,ABO+Rh,9,OO/Dd,OO/Dd,2.926097334042941
paper_alleles_exact,ABO+Rh,10,BO/DD,OO/DD,2.625696641692706
paper_alleles_exact,ABO+Rh,11,AO/DD,BO/DD,2.059369915053103
paper_alleles_exact,ABO+Rh,12,BO/Dd,OO/DD,1.8892318239572614
paper_alleles_exact,ABO+Rh,13,BO/DD,OO/Dd,1.889231823957261
paper_alleles_exact,ABO+Rh,14,AO/Dd,AO/Dd,1.799982981341294
paper_alleles_exact,ABO+Rh,15,AA/DD,OO/DD,1.7384291490708013
paper_alleles_exact,ABO+Rh,16,AO/DD,BO/Dd,1.481750450162558
paper_alleles_exact,ABO+Rh,17,AO/Dd,BO/DD,1.4817504501625578
paper_alleles_exact,ABO+Rh,18,OO/DD,OO/dd,1.4630486670214704
paper_alleles_exact,ABO+Rh,19,AA/DD,AO/DD,1.3634738424084714
paper_alleles_exact,ABO+Rh,20,BO/Dd,OO/Dd,1.3593333014860118
paper_alleles_exact,ABO+Rh,21,AA/DD,OO/Dd,1.2508283020852762
paper_alleles_exact,ABO+Rh,22,AA/Dd,OO/DD,1.2508283020852762
paper_alleles_exact,ABO+Rh,23,AO/DD,OO/dd,1.1474891506050748
paper_alleles_exact,ABO+Rh,24,AO/dd,OO/DD,1.1474891506050748
paper_alleles_exact,ABO+Rh,25,AO/Dd,BO/Dd,1.066143765871382
paper_alleles_exact,ABO+Rh,26,OO/Dd,OO/dd,1.0526875259867496
paper_alleles_exact,ABO+Rh,27,AB/DD,OO/DD,1.0296849575265514
paper_alleles_exact,ABO+Rh,28,AA/DD,AO/Dd,0.9810418055570792
paper_alleles_exact,ABO+Rh,29,AA/Dd,AO/DD,0.9810418055570792
paper_alleles_exact,ABO+Rh,30,AO/DD,AO/dd,0.899991490670647
paper_alleles_exact,ABO+Rh,31,AA/Dd,OO/Dd,0.8999914906706468
paper_alleles_exact,ABO+Rh,32,AO/Dd,OO/dd,0.8256372752837254
paper_alleles_exact,ABO+Rh,33,AO/dd,OO/Dd,0.8256372752837254
paper_alleles_exact,ABO+Rh,34,AO/DD,AB/DD,0.8075960451188638
paper_alleles_exact,ABO+Rh,35,AB/Dd,OO/DD,0.740875225081279
paper_alleles_exact,ABO+Rh,36,AB/DD,OO/Dd,0.7408752250812789
paper_alleles_exact,ABO+Rh,37,AA/Dd,AO/Dd,0.7058756789573701
paper_alleles_exact,ABO+Rh,38,AO/Dd,AO/dd,0.6475586472813533
paper_alleles_exact,ABO+Rh,39,AO/DD,AB/Dd,0.5810786079068855
paper_alleles_exact,ABO+Rh,40,AO/Dd,AB/DD,0.5810786079068854
paper_alleles_exact,ABO+Rh,41,AB/Dd,OO/Dd,0.533071882935691
paper_alleles_exact,ABO+Rh,42,BO/DD,BO/Dd,0.43882609485583446
paper_alleles_exact,ABO+Rh,43,AO/Dd,AB/Dd,0.41809559445936545
paper_alleles_exact,ABO+Rh,44,AA/DD,BO/DD,0.4037980225594319
paper_alleles_exact,ABO+Rh,45,BO/DD,OO/dd,0.33983332537150296
paper_alleles_exact,ABO+Rh,46,BO/dd,OO/DD,0.33983332537150296
paper_alleles_exact,ABO+Rh,47,BO/DD,BO/DD,0.3049451604982479
paper_alleles_exact,ABO+Rh,48,AA/DD,BO/Dd,0.2905393039534427
paper_alleles_exact,ABO+Rh,49,AA/Dd,BO/DD,0.29053930395344263
paper_alleles_exact,ABO+Rh,50,AO/DD,BO/dd,0.2665359414678455
paper_alleles_exact,ABO+Rh,51,AO/dd,BO/DD,0.2665359414678455
paper_alleles_exact,ABO+Rh,52,BO/Dd,OO/dd,0.2445156546032571
paper_alleles_exact,ABO+Rh,53,BO/dd,OO/Dd,0.2445156546032571
paper_alleles_exact,ABO+Rh,54,BO/DD,AB/DD,0.23917267490058658
paper_alleles_exact,ABO+Rh,55,AA/dd,OO/DD,0.22499787266766175
paper_alleles_exact,ABO+Rh,56,AA/DD,OO/dd,0.2249978726676617
paper_alleles_exact,ABO+Rh,57,AA/Dd,BO/Dd,0.20904779722968272
paper_alleles_exact,ABO+Rh,58,AA/DD,AA/Dd,0.1923611383445253
paper_alleles_exact,ABO+Rh,59,AO/dd,BO/Dd,0.19177698400255463
paper_alleles_exact,ABO+Rh,60,AO/Dd,BO/dd,0.1917769840025546
paper_alleles_exact,ABO+Rh,61,AA/DD,AO/dd,0.17646891973934253
paper_alleles_exact,ABO+Rh,62,AA/dd,AO/DD,0.17646891973934253
paper_alleles_exact,ABO+Rh,63,BO/DD,AB/Dd,0.17208866464934683
paper_alleles_exact,ABO+Rh,64,BO/Dd,AB/DD,0.17208866464934683
paper_alleles_exact,ABO+Rh,65,AA/Dd,OO/dd,0.1618896618203383
paper_alleles_exact,ABO+Rh,66,AA/dd,OO/Dd,0.1618896618203383
paper_alleles_exact,ABO+Rh,67,AA/DD,AB/DD,0.15835216570958113
paper_alleles_exact,ABO+Rh,68,BO/Dd,BO/Dd,0.1578712884078777
paper_alleles_exact,ABO+Rh,69,BB/DD,OO/DD,0.15247258024912397
paper_alleles_exact,ABO+Rh,70,AO/dd,OO/dd,0.14851489227120002
paper_alleles_exact,ABO+Rh,71,AA/DD,AA/DD,0.13367390611847757
paper_alleles_exact,ABO+Rh,72,AB/dd,OO/DD,0.13326797073392274
paper_alleles_exact,ABO+Rh,73,AB/DD,OO/dd,0.1332679707339227
paper_alleles_exact,ABO+Rh,74,AA/Dd,AO/dd,0.1269722837806575
paper_alleles_exact,ABO+Rh,75,AA/dd,AO/Dd,0.12697228378065747
paper_alleles_exact,ABO+Rh,76,BO/Dd,AB/Dd,0.12382061835911977
paper_alleles_exact,ABO+Rh,77,AO/DD,BB/DD,0.11958633745029332
paper_alleles_exact,ABO+Rh,78,AA/DD,AB/Dd,0.11393698194252656
paper_alleles_exact,ABO+Rh,79,AA/Dd,AB/DD,0.11393698194252654
paper_alleles_exact,ABO+Rh,80,BB/DD,OO/Dd,0.10970652371395861
paper_alleles_exact,ABO+Rh,81,BB/Dd,OO/DD,0.10970652371395861
paper_alleles_exact,ABO+Rh,82,AO/DD,AB/dd,0.10452389861484136
paper_alleles_exact,ABO+Rh,83,AO/dd,AB/DD,0.10452389861484136
paper_alleles_exact,ABO+Rh,84,AB/Dd,OO/dd,0.0958884920012773
paper_alleles_exact,ABO+Rh,85,AB/dd,OO/Dd,0.0958884920012773
paper_alleles_exact,ABO+Rh,86,OO/dd,OO/dd,0.09467824382289
paper_alleles_exact,ABO+Rh,87,AO/DD,BB/Dd,0.08604433232467343
paper_alleles_exact,ABO+Rh,88,AO/Dd,BB/DD,0.08604433232467341
paper_alleles_exact,ABO+Rh,89,AA/Dd,AB/Dd,0.08197952832536576
paper_alleles_exact,ABO+Rh,90,BB/Dd,OO/Dd,0.07893564420393885
paper_alleles_exact,ABO+Rh,91,BO/DD,BO/dd,0.07893564420393885
paper_alleles_exact,ABO+Rh,92,AO/dd,AB/Dd,0.07520666039315868
paper_alleles_exact,ABO+Rh,93,AO/Dd,AB/dd,0.07520666039315867
paper_alleles_exact,ABO+Rh,94,AA/Dd,AA/Dd,0.06920349793699707
paper_alleles_exact,ABO+Rh,95,AB/DD,AB/Dd,0.06748575084288111
paper_alleles_exact,ABO+Rh,96,AO/Dd,BB/Dd,0.061910309179559884
paper_alleles_exact,ABO+Rh,97,AO/dd,AO/dd,0.05824113422400001
paper_alleles_exact,ABO+Rh,98,BO/Dd,BO/dd,0.05679549141614118
paper_alleles_exact,ABO+Rh,99,AA/DD,BO/dd,0.05226194930742067
paper_alleles_exact,ABO+Rh,100,AA/dd,BO/DD,0.05226194930742067
paper_alleles_exact,ABO+Rh,101,AB/DD,AB/DD,0.04689660292168365
paper_alleles_exact,ABO+Rh,102,BO/dd,OO/dd,0.04398325655724001
paper_alleles_exact,ABO+Rh,103,AA/dd,BO/Dd,0.03760333019657933
paper_alleles_exact,ABO+Rh,104,AA/Dd,BO/dd,0.03760333019657933
paper_alleles_exact,ABO+Rh,105,BB/DD,BO/DD,0.035415953783356095
paper_alleles_exact,ABO+Rh,106,AA/DD,AA/dd,0.03460174896849853
paper_alleles_exact,ABO+Rh,107,AO/dd,BO/dd,0.034496671809600005
paper_alleles_exact,ABO+Rh,108,BO/DD,AB/dd,0.03095515458977994
paper_alleles_exact,ABO+Rh,109,BO/dd,AB/DD,0.03095515458977994
paper_alleles_exact,ABO+Rh,110,AA/dd,OO/dd,0.029120567112000003
paper_alleles_exact,ABO+Rh,111,BB/DD,BO/Dd,0.025482359957691745
paper_alleles_exact,ABO+Rh,112,BB/Dd,BO/DD,0.025482359957691745
paper_alleles_exact,ABO+Rh,113,AA/Dd,AA/dd,0.02489652623150147
paper_alleles_exact,ABO+Rh,114,AB/Dd,AB/Dd,0.024278552619435248
paper_alleles_exact,ABO+Rh,115,AA/DD,BB/DD,0.023448301460841824
paper_alleles_exact,ABO+Rh,116,AA/dd,AO/dd,0.022839660480000006
paper_alleles_exact,ABO+Rh,117,BO/Dd,AB/dd,0.02227274173182007
paper_alleles_exact,ABO+Rh,118,BO/dd,AB/Dd,0.02227274173182007
paper_alleles_exact,ABO+Rh,119,AA/DD,AB/dd,0.02049488208134144
paper_alleles_exact,ABO+Rh,120,AA/dd,AB/DD,0.02049488208134144
paper_alleles_exact,ABO+Rh,121,BB/DD,OO/dd,0.019733911050984713
paper_alleles_exact,ABO+Rh,122,BB/dd,OO/DD,0.019733911050984713
paper_alleles_exact,ABO+Rh,123,BB/Dd,BO/Dd,0.018334976180100427
paper_alleles_exact,ABO+Rh,124,AB/dd,OO/dd,0.017248335904800002
paper_alleles_exact,ABO+Rh,125,AA/DD,BB/Dd,0.016871437710720277
paper_alleles_exact,ABO+Rh,126,AA/Dd,BB/DD,0.016871437710720277
paper_alleles_exact,ABO+Rh,127,AO/dd,BB/DD,0.015477577294889971
paper_alleles_exact,ABO+Rh,128,AO/DD,BB/dd,0.01547757729488997
paper_alleles_exact,ABO+Rh,129,AA/Dd,AB/dd,0.014746403998658562
paper_alleles_exact,ABO+Rh,130,AA/dd,AB/Dd,0.014746403998658562
paper_alleles_exact,ABO+Rh,131,BB/Dd,OO/dd,0.014198872854035295
paper_alleles_exact,ABO+Rh,132,BB/dd,OO/Dd,0.014198872854035292
paper_alleles_exact,ABO+Rh,133,BB/DD,AB/DD,0.013888609326806313
paper_alleles_exact,ABO+Rh,134,AO/dd,AB/dd,0.013528106592000004
paper_alleles_exact,ABO+Rh,135,AA/Dd,BB/Dd,0.012139276309717624
paper_alleles_exact,ABO+Rh,136,AB/DD,AB/dd,0.012139276309717624
paper_alleles_exact,ABO+Rh,137,AO/dd,BB/Dd,0.011136370865910036
paper_alleles_exact,ABO+Rh,138,AO/Dd,BB/dd,0.011136370865910034
paper_alleles_exact,ABO+Rh,139,BB/DD,AB/Dd,0.009993082336349704
paper_alleles_exact,ABO+Rh,140,BB/Dd,AB/DD,0.009993082336349704
paper_alleles_exact,ABO+Rh,141,AB/Dd,AB/dd,0.00873440852228238
paper_alleles_exact,ABO+Rh,142,BB/Dd,AB/Dd,0.007190186737294285
paper_alleles_exact,ABO+Rh,143,AA/dd,BO/dd,0.0067640532960000005
paper_alleles_exact,ABO+Rh,144,BO/dd,BO/dd,0.0051081610179600015
paper_alleles_exact,ABO+Rh,145,BB/DD,BO/dd,0.004583744045025106
paper_alleles_exact,ABO+Rh,146,BB/dd,BO/DD,0.004583744045025106
paper_alleles_exact,ABO+Rh,147,BO/dd,AB/dd,0.004006400798400001
paper_alleles_exact,ABO+Rh,148,BB/Dd,BO/dd,0.0032980790641348946
paper_alleles_exact,ABO+Rh,149,BB/dd,BO/Dd,0.0032980790641348946
paper_alleles_exact,ABO+Rh,150,AA/DD,BB/dd,0.0030348190774294056
paper_alleles_exact,ABO+Rh,151,AA/dd,BB/DD,0.0030348190774294056
paper_alleles_exact,ABO+Rh,152,AA/dd,AB/dd,0.0026525699200000002
paper_alleles_exact,ABO+Rh,153,BB/dd,OO/dd,0.0025540805089800007
paper_alleles_exact,ABO+Rh,154,AA/dd,AA/dd,0.0022391824
paper_alleles_exact,ABO+Rh,155,AA/Dd,BB/dd,0.002183602130570595
paper_alleles_exact,ABO+Rh,156,AA/dd,BB/Dd,0.002183602130570595
paper_alleles_exact,ABO+Rh,157,AO/dd,BB/dd,0.0020032003992000004
paper_alleles_exact,ABO+Rh,158,BB/DD,AB/dd,0.0017975466843235712
paper_alleles_exact,ABO+Rh,159,BB/dd,AB/DD,0.001797546684323571
paper_alleles_exact,ABO+Rh,160,BB/DD,BB/Dd,0.001479744884421014
paper_alleles_exact,ABO+Rh,161,BB/Dd,AB/dd,0.0012933643388764293
paper_alleles_exact,ABO+Rh,162,BB/dd,AB/Dd,0.0012933643388764293
paper_alleles_exact,ABO+Rh,163,BB/DD,BB/DD,0.0010282912674654673
paper_alleles_exact,ABO+Rh,164,AB/dd,AB/dd,0.0007855687840000002
paper_alleles_exact,ABO+Rh,165,BB/dd,BO/dd,0.0005932555028400001
paper_alleles_exact,ABO+Rh,166,BB/Dd,BB/Dd,0.0005323503642035192
paper_alleles_exact,ABO+Rh,167,AA/dd,BB/dd,0.0003927843920000001
paper_alleles_exact,ABO+Rh,168,BB/DD,BB/dd,0.0002661751821017596
paper_alleles_exact,ABO+Rh,169,BB/dd,AB/dd,0.00023264921680000005
paper_alleles_exact,ABO+Rh,170,BB/Dd,BB/dd,0.00019151741171824052
paper_alleles_exact,ABO+Rh,171,BB/dd,BB/dd,1.7224990090000003e-05
paper_p32_genotype_table,ABO,1,AO,OO,30.314816
paper_p32_genotype_table,ABO,2,OO,OO,19.324816
paper_p32_genotype_table,ABO,3,AO,AO,11.888704
paper_p32_genotype_table,ABO,4,BO,OO,8.976632
paper_p32_genotype_table,ABO,5,AO,BO,7.040816
paper_p32_genotype_table,ABO,6,AA,OO,5.943392
paper_p32_genotype_table,ABO,7,AA,AO,4.661696
paper_p32_genotype_table,ABO,8,AB,OO,3.5168
paper_p32_genotype_table,ABO,9,AO,AB,2.7584
paper_p32_genotype_table,ABO,10,AA,BO,1.380392
paper_p32_genotype_table,ABO,11,BO,BO,1.042441
paper_p32_genotype_table,ABO,12,BO,AB,0.8168
paper_p32_genotype_table,ABO,13,AA,AB,0.5408
paper_p32_genotype_table,ABO,14,BB,OO,0.518728
paper_p32_genotype_table,ABO,15,AA,AA,0.456976
paper_p32_genotype_table,ABO,16,AO,BB,0.406864
paper_p32_genotype_table,ABO,17,AB,AB,0.16
paper_p32_genotype_table,ABO,18,BB,BO,0.120478
paper_p32_genotype_table,ABO,19,AA,BB,0.079768
paper_p32_genotype_table,ABO,20,BB,AB,0.0472
paper_p32_genotype_table,ABO,21,BB,BB,0.003481
paper_p32_genotype_table,ABO+Rh,1,AO/DD,OO/DD,8.867642650780178
paper_p32_genotype_table,ABO+Rh,2,OO/DD,OO/Dd,8.134658284151678
paper_p32_genotype_table,ABO+Rh,3,AO/DD,OO/Dd,6.380414413957003
paper_p32_genotype_table,ABO+Rh,4,AO/Dd,OO/DD,6.380414413957003
paper_p32_genotype_table,ABO+Rh,5,OO/DD,OO/DD,5.652865007660914
paper_p32_genotype_table,ABO+Rh,6,AO/DD,AO/Dd,5.00447427191168
paper_p32_genotype_table,ABO+Rh,7,AO/Dd,OO/Dd,4.590812879705819
paper_p32_genotype_table,ABO+Rh,8,AO/DD,AO/DD,3.4776651342004152
paper_p32_genotype_table,ABO+Rh,9,OO/Dd,OO/Dd,2.92651006658741
paper_p32_genotype_table,ABO+Rh,10,BO/DD,OO/DD,2.6258303788998147
paper_p32_genotype_table,ABO+Rh,11,AO/DD,BO/DD,2.059568504651174
paper_p32_genotype_table,ABO+Rh,12,BO/DD,OO/Dd,1.889328050072535
paper_p32_genotype_table,ABO+Rh,13,BO/Dd,OO/DD,1.889328050072535
paper_p32_genotype_table,ABO+Rh,14,AO/Dd,AO/Dd,1.8004006834879052
paper_p32_genotype_table,ABO+Rh,15,AA/DD,OO/DD,1.7385517493988978
paper_p32_genotype_table,ABO+Rh,16,AO/DD,BO/Dd,1.4818933386374202
paper_p32_genotype_table,ABO+Rh,17,AO/Dd,BO/DD,1.4818933386374202
paper_p32_genotype_table,ABO+Rh,18,OO/DD,OO/dd,1.4632550332937047
paper_p32_genotype_table,ABO+Rh,19,AA/DD,AO/DD,1.363632036380209
paper_p32_genotype_table,ABO+Rh,20,BO/Dd,OO/Dd,1.3594025377551162
paper_p32_genotype_table,ABO+Rh,21,AA/DD,OO/Dd,1.2509165150333335
paper_p32_genotype_table,ABO+Rh,22,AA/Dd,OO/DD,1.2509165150333335
paper_p32_genotype_table,ABO+Rh,23,AO/DD,OO/dd,1.1477032199264543
paper_p32_genotype_table,ABO+Rh,24,AO/dd,OO/DD,1.1477032199264543
paper_p32_genotype_table,ABO+Rh,25,AO/Dd,BO/Dd,1.0662465764739857
paper_p32_genotype_table,ABO+Rh,26,OO/Dd,OO/dd,1.0528360099062954
paper_p32_genotype_table,ABO+Rh,27,AB/DD,OO/DD,1.0287288457981645
paper_p32_genotype_table,ABO+Rh,28,AA/DD,AO/Dd,0.9811556287158631
paper_p32_genotype_table,ABO+Rh,29,AA/Dd,AO/DD,0.9811556287158629
paper_p32_genotype_table,ABO+Rh,30,AO/DD,AO/dd,0.9002003417439524
paper_p32_genotype_table,ABO+Rh,31,AA/Dd,OO/Dd,0.9000549613344353
paper_p32_genotype_table,ABO+Rh,32,AO/Dd,OO/dd,0.8257913016735458
paper_p32_genotype_table,ABO+Rh,33,AO/dd,OO/Dd,0.8257913016735458
paper_p32_genotype_table,ABO+Rh,34,AO/DD,AB/DD,0.8068828617634374
paper_p32_genotype_table,ABO+Rh,35,AB/Dd,OO/DD,0.7401872870019726
paper_p32_genotype_table,ABO+Rh,36,AB/DD,OO/Dd,0.7401872870019724
paper_p32_genotype_table,ABO+Rh,37,AA/Dd,AO/Dd,0.7059575765880648
paper_p32_genotype_table,ABO+Rh,38,AO/Dd,AO/dd,0.6477089190560478
paper_p32_genotype_table,ABO+Rh,39,AO/DD,AB/Dd,0.5805654607786171
paper_p32_genotype_table,ABO+Rh,40,AO/Dd,AB/DD,0.5805654607786171
paper_p32_genotype_table,ABO+Rh,41,AB/Dd,OO/Dd,0.5325769001978908
paper_p32_genotype_table,ABO+Rh,42,BO/DD,BO/Dd,0.43880890334942174
paper_p32_genotype_table,ABO+Rh,43,AO/Dd,AB/Dd,0.4177263766793284
paper_p32_genotype_table,ABO+Rh,44,AA/DD,BO/DD,0.40379011286084504
paper_p32_genotype_table,ABO+Rh,45,BO/dd,OO/DD,0.33985063443877905
paper_p32_genotype_table,ABO+Rh,46,BO/DD,OO/dd,0.339850634438779
paper_p32_genotype_table,ABO+Rh,47,BO/DD,BO/DD,0.30493321392819733
paper_p32_genotype_table,ABO+Rh,48,AA/DD,BO/Dd,0.2905336127955035
paper_p32_genotype_table,ABO+Rh,49,AA/Dd,BO/DD,0.2905336127955035
paper_p32_genotype_table,ABO+Rh,50,AO/DD,BO/dd,0.26656164411849637
paper_p32_genotype_table,ABO+Rh,51,AO/dd,BO/DD,0.26656164411849637
paper_p32_genotype_table,ABO+Rh,52,BO/Dd,OO/dd,0.24452810876122105
paper_p32_genotype_table,ABO+Rh,53,BO/dd,OO/Dd,0.24452810876122105
paper_p32_genotype_table,ABO+Rh,54,BO/DD,AB/DD,0.23892906086440532
paper_p32_genotype_table,ABO+Rh,55,AA/DD,OO/dd,0.22501374033360882
paper_p32_genotype_table,ABO+Rh,56,AA/dd,OO/DD,0.22501374033360882
paper_p32_genotype_table,ABO+Rh,57,AA/Dd,BO/Dd,0.20904370234814795
paper_p32_genotype_table,ABO+Rh,58,AA/DD,AA/Dd,0.1923611383445253
paper_p32_genotype_table,ABO+Rh,59,AO/Dd,BO/dd,0.1917954774815037
paper_p32_genotype_table,ABO+Rh,60,AO/dd,BO/Dd,0.1917954774815037
paper_p32_genotype_table,ABO+Rh,61,AA/DD,AO/dd,0.17648939414701617
paper_p32_genotype_table,ABO+Rh,62,AA/dd,AO/DD,0.17648939414701617
paper_p32_genotype_table,ABO+Rh,63,BO/DD,AB/Dd,0.17191338035236894
paper_p32_genotype_table,ABO+Rh,64,BO/Dd,AB/DD,0.17191338035236894
paper_p32_genotype_table,ABO+Rh,65,AA/dd,OO/Dd,0.1619010788663912
paper_p32_genotype_table,ABO+Rh,66,AA/Dd,OO/dd,0.16190107886639118
paper_p32_genotype_table,ABO+Rh,67,AA/DD,AB/DD,0.1581939717378433
paper_p32_genotype_table,ABO+Rh,68,BO/Dd,BO/Dd,0.157865103622381
paper_p32_genotype_table,ABO+Rh,69,BB/DD,OO/DD,0.15173750475522926
paper_p32_genotype_table,ABO+Rh,70,AO/dd,OO/dd,0.1485425984
paper_p32_genotype_table,ABO+Rh,71,AA/DD,AA/DD,0.13367390611847757
paper_p32_genotype_table,ABO+Rh,72,AB/dd,OO/DD,0.13314422504947268
paper_p32_genotype_table,ABO+Rh,73,AB/DD,OO/dd,0.13314422504947268
paper_p32_genotype_table,ABO+Rh,74,AA/dd,AO/Dd,0.12698701545298383
paper_p32_genotype_table,ABO+Rh,75,AA/Dd,AO/dd,0.12698701545298383
paper_p32_genotype_table,ABO+Rh,76,BO/Dd,AB/Dd,0.12369449843085681
paper_p32_genotype_table,ABO+Rh,77,AO/DD,BB/DD,0.11901522211010702
paper_p32_genotype_table,ABO+Rh,78,AA/DD,AB/Dd,0.11382315878374283
paper_p32_genotype_table,ABO+Rh,79,AA/Dd,AB/DD,0.1138231587837428
paper_p32_genotype_table,ABO+Rh,80,BB/DD,OO/Dd,0.10917762483279095
paper_p32_genotype_table,ABO+Rh,81,BB/Dd,OO/DD,0.10917762483279095
paper_p32_genotype_table,ABO+Rh,82,AO/DD,AB/dd,0.10443159416983208
paper_p32_genotype_table,ABO+Rh,83,AO/dd,AB/DD,0.10443159416983208
paper_p32_genotype_table,ABO+Rh,84,AB/Dd,OO/dd,0.09579945495052736
paper_p32_genotype_table,ABO+Rh,85,AB/dd,OO/Dd,0.09579945495052736
paper_p32_genotype_table,ABO+Rh,86,OO/dd,OO/dd,0.09469159840000001
paper_p32_genotype_table,ABO+Rh,87,AO/Dd,BB/DD,0.08563340546484603
paper_p32_genotype_table,ABO+Rh,88,AO/DD,BB/Dd,0.08563340546484603
paper_p32_genotype_table,ABO+Rh,89,AA/Dd,AB/Dd,0.0818976306946711
paper_p32_genotype_table,ABO+Rh,90,BO/DD,BO/dd,0.07893255181119048
paper_p32_genotype_table,ABO+Rh,91,BB/Dd,OO/Dd,0.07855509277918889
paper_p32_genotype_table,ABO+Rh,92,AO/Dd,AB/dd,0.07514024583016796
paper_p32_genotype_table,ABO+Rh,93,AO/dd,AB/Dd,0.07514024583016794
paper_p32_genotype_table,ABO+Rh,94,AA/Dd,AA/Dd,0.06920349793699707
paper_p32_genotype_table,ABO+Rh,95,AB/DD,AB/Dd,0.0673509815288419
paper_p32_genotype_table,ABO+Rh,96,AO/Dd,BB/Dd,0.061614640560200926
paper_p32_genotype_table,ABO+Rh,97,AO/dd,AO/dd,0.05825464960000001
paper_p32_genotype_table,ABO+Rh,98,BO/Dd,BO/dd,0.056793266388809535
paper_p32_genotype_table,ABO+Rh,99,AA/DD,BO/dd,0.05226092558703699
paper_p32_genotype_table,ABO+Rh,100,AA/dd,BO/DD,0.05226092558703699
paper_p32_genotype_table,ABO+Rh,101,AB/DD,AB/DD,0.046802950218296835
paper_p32_genotype_table,ABO+Rh,102,BO/dd,OO/dd,0.0439854968
paper_p32_genotype_table,ABO+Rh,103,AA/dd,BO/Dd,0.03760259361296302
paper_p32_genotype_table,ABO+Rh,104,AA/Dd,BO/dd,0.03760259361296301
paper_p32_genotype_table,ABO+Rh,105,BB/DD,BO/DD,0.03524203647749979
paper_p32_genotype_table,ABO+Rh,106,AA/DD,AA/dd,0.03460174896849853
paper_p32_genotype_table,ABO+Rh,107,AO/dd,BO/dd,0.0344999984
paper_p32_genotype_table,ABO+Rh,108,BO/DD,AB/dd,0.030923624607714195
paper_p32_genotype_table,ABO+Rh,109,BO/dd,AB/DD,0.030923624607714195
paper_p32_genotype_table,ABO+Rh,110,AA/dd,OO/dd,0.0291226208
paper_p32_genotype_table,ABO+Rh,111,BB/DD,BO/Dd,0.02535722360197442
paper_p32_genotype_table,ABO+Rh,112,BB/Dd,BO/DD,0.02535722360197442
paper_p32_genotype_table,ABO+Rh,113,AA/Dd,AA/dd,0.02489652623150147
paper_p32_genotype_table,ABO+Rh,114,AB/Dd,AB/Dd,0.024230068252861277
paper_p32_genotype_table,ABO+Rh,115,AA/DD,BB/DD,0.023333610831331886
paper_p32_genotype_table,ABO+Rh,116,AA/dd,AO/dd,0.022842310400000003
paper_p32_genotype_table,ABO+Rh,117,BO/Dd,AB/dd,0.022250055392285813
paper_p32_genotype_table,ABO+Rh,118,BO/dd,AB/Dd,0.022250055392285813
paper_p32_genotype_table,ABO+Rh,119,AA/DD,AB/dd,0.02047440767366777
paper_p32_genotype_table,ABO+Rh,120,AA/dd,AB/DD,0.02047440767366777
paper_p32_genotype_table,ABO+Rh,121,BB/DD,OO/dd,0.01963877319479722
paper_p32_genotype_table,ABO+Rh,122,BB/dd,OO/DD,0.01963877319479722
paper_p32_genotype_table,ABO+Rh,123,BB/Dd,BO/Dd,0.018244938518551378
paper_p32_genotype_table,ABO+Rh,124,AB/dd,OO/dd,0.017232320000000002
paper_p32_genotype_table,ABO+Rh,125,AA/DD,BB/Dd,0.016788915920602065
paper_p32_genotype_table,ABO+Rh,126,AA/Dd,BB/DD,0.016788915920602065
paper_p32_genotype_table,ABO+Rh,127,AO/dd,BB/DD,0.015403660140050231
paper_p32_genotype_table,ABO+Rh,128,AO/DD,BB/dd,0.015403660140050228
paper_p32_genotype_table,ABO+Rh,129,AA/dd,AB/Dd,0.014731672326332232
paper_p32_genotype_table,ABO+Rh,130,AA/Dd,AB/dd,0.01473167232633223
paper_p32_genotype_table,ABO+Rh,131,BB/Dd,OO/dd,0.014130419605202784
paper_p32_genotype_table,ABO+Rh,132,BB/dd,OO/Dd,0.014130419605202784
paper_p32_genotype_table,ABO+Rh,133,BB/DD,AB/DD,0.013806870314397568
paper_p32_genotype_table,ABO+Rh,134,AO/dd,AB/dd,0.013516160000000003
paper_p32_genotype_table,ABO+Rh,135,AB/DD,AB/dd,0.012115034126430635
paper_p32_genotype_table,ABO+Rh,136,AA/Dd,BB/Dd,0.012079900527463985
paper_p32_genotype_table,ABO+Rh,137,AO/Dd,BB/dd,0.011083186259949772
paper_p32_genotype_table,ABO+Rh,138,AO/dd,BB/Dd,0.011083186259949772
paper_p32_genotype_table,ABO+Rh,139,BB/DD,AB/Dd,0.00993426977550418
paper_p32_genotype_table,ABO+Rh,140,BB/Dd,AB/DD,0.00993426977550418
paper_p32_genotype_table,ABO+Rh,141,AB/Dd,AB/dd,0.008716965873569368
paper_p32_genotype_table,ABO+Rh,142,BB/Dd,AB/Dd,0.007147870134594075
paper_p32_genotype_table,ABO+Rh,143,AA/dd,BO/dd,0.0067639208
paper_p32_genotype_table,ABO+Rh,144,BO/dd,BO/dd,0.005107960900000001
paper_p32_genotype_table,ABO+Rh,145,BB/DD,BO/dd,0.0045612346296378435
paper_p32_genotype_table,ABO+Rh,146,BB/dd,BO/DD,0.0045612346296378435
paper_p32_genotype_table,ABO+Rh,147,BO/dd,AB/dd,0.004002320000000001
paper_p32_genotype_table,ABO+Rh,148,BB/Dd,BO/dd,0.0032818831703621573
paper_p32_genotype_table,ABO+Rh,149,BB/dd,BO/Dd,0.0032818831703621573
paper_p32_genotype_table,ABO+Rh,150,AA/DD,BB/dd,0.0030199751318659963
paper_p32_genotype_table,ABO+Rh,151,AA/dd,BB/DD,0.0030199751318659963
paper_p32_genotype_table,ABO+Rh,152,AA/dd,AB/dd,0.0026499200000000005
paper_p32_genotype_table,ABO+Rh,153,BB/dd,OO/dd,0.0025417672000000004
paper_p32_genotype_table,ABO+Rh,154,AA/dd,AA/dd,0.0022391824
paper_p32_genotype_table,ABO+Rh,155,AA/Dd,BB/dd,0.002172921668134004
paper_p32_genotype_table,ABO+Rh,156,AA/dd,BB/Dd,0.002172921668134004
paper_p32_genotype_table,ABO+Rh,157,AO/dd,BB/dd,0.0019936336
paper_p32_genotype_table,ABO+Rh,158,BB/DD,AB/dd,0.0017869675336485188
paper_p32_genotype_table,ABO+Rh,159,BB/dd,AB/DD,0.0017869675336485184
paper_p32_genotype_table,ABO+Rh,160,BB/DD,BB/Dd,0.0014653047918868666
paper_p32_genotype_table,ABO+Rh,161,BB/Dd,AB/dd,0.0012857524663514818
paper_p32_genotype_table,ABO+Rh,162,BB/dd,AB/Dd,0.0012857524663514818
paper_p32_genotype_table,ABO+Rh,163,BB/DD,BB/DD,0.0010182566856868206
paper_p32_genotype_table,ABO+Rh,164,AB/dd,AB/dd,0.0007840000000000003
paper_p32_genotype_table,ABO+Rh,165,BB/dd,BO/dd,0.0005903422000000001
paper_p32_genotype_table,ABO+Rh,166,BB/Dd,BB/Dd,0.0005271554224263131
paper_p32_genotype_table,ABO+Rh,167,AA/dd,BB/dd,0.00039086320000000004
paper_p32_genotype_table,ABO+Rh,168,BB/DD,BB/dd,0.0002635777112131565
paper_p32_genotype_table,ABO+Rh,169,BB/dd,AB/dd,0.00023128000000000005
paper_p32_genotype_table,ABO+Rh,170,BB/Dd,BB/dd,0.00018964848878684352
paper_p32_genotype_table,ABO+Rh,171,BB/dd,BB/dd,1.70569e-05
paper_p32_pair_formula_inputs_raw,ABO,1,AO,OO,30.36
paper_p32_pair_formula_inputs_raw,ABO,2,OO,OO,19.36
paper_p32_pair_formula_inputs_raw,ABO,3,AO,AO,11.9025
paper_p32_pair_formula_inputs_raw,ABO,4,BO,OO,8.976
paper_p32_pair_formula_inputs_raw,ABO,5,AO,BO,7.038
paper_p32_pair_formula_inputs_raw,ABO,6,AA,OO,5.984
paper_p32_pair_formula_inputs_raw,ABO,7,AA,AO,4.692
paper_p32_pair_formula_inputs_raw,ABO,8,AB,OO,3.52
paper_p32_pair_formula_inputs_raw,ABO,9,AO,AB,2.76
paper_p32_pair_formula_inputs_raw,ABO,10,AA,BO,1.3872
paper_p32_pair_formula_inputs_raw,ABO,11,BO,BO,1.0404
paper_p32_pair_formula_inputs_raw,ABO,12,BO,AB,0.816
paper_p32_pair_formula_inputs_raw,ABO,13,AA,AB,0.544
paper_p32_pair_formula_inputs_raw,ABO,14,BB,OO,0.528
paper_p32_pair_formula_inputs_raw,ABO,15,AA,AA,0.4624
paper_p32_pair_formula_inputs_raw,ABO,16,AO,BB,0.414
paper_p32_pair_formula_inputs_raw,ABO,17,AB,AB,0.16
paper_p32_pair_formula_inputs_raw,ABO,18,BB,BO,0.1224
paper_p32_pair_formula_inputs_raw,ABO,19,AA,BB,0.0816
paper_p32_pair_formula_inputs_raw,ABO,20,BB,AB,0.048
paper_p32_pair_formula_inputs_raw,ABO,21,BB,BB,0.0036
paper_p32_pair_formula_inputs_raw,ABO+Rh,1,AO/DD,OO/DD,8.880859803921824
paper_p32_pair_formula_inputs_raw,ABO+Rh,2,OO/DD,OO/Dd,8.14946876498987
paper_p32_pair_formula_inputs_raw,ABO+Rh,3,AO/DD,OO/Dd,6.389924372548875
paper_p32_pair_formula_inputs_raw,ABO+Rh,4,AO/Dd,OO/DD,6.389924372548875
paper_p32_pair_formula_inputs_raw,ABO+Rh,5,OO/DD,OO/DD,5.663156976413917
paper_p32_pair_formula_inputs_raw,ABO+Rh,6,AO/DD,AO/Dd,5.010281610294004
paper_p32_pair_formula_inputs_raw,ABO+Rh,7,AO/Dd,OO/Dd,4.597655450980427
paper_p32_pair_formula_inputs_raw,ABO+Rh,8,AO/DD,AO/DD,3.481700718582988
paper_p32_pair_formula_inputs_raw,ABO+Rh,9,OO/Dd,OO/Dd,2.931838258596214
paper_p32_pair_formula_inputs_raw,ABO+Rh,10,BO/DD,OO/DD,2.6256455072464524
paper_p32_pair_formula_inputs_raw,ABO+Rh,11,AO/DD,BO/DD,2.058744772727332
paper_p32_pair_formula_inputs_raw,ABO+Rh,12,BO/DD,OO/Dd,1.8891950318840154
paper_p32_pair_formula_inputs_raw,ABO+Rh,13,BO/Dd,OO/DD,1.889195031884015
paper_p32_pair_formula_inputs_raw,ABO+Rh,14,AO/Dd,AO/Dd,1.8024899211230079
paper_p32_pair_formula_inputs_raw,ABO+Rh,15,AA/DD,OO/DD,1.7504303381643018
paper_p32_pair_formula_inputs_raw,ABO+Rh,16,AO/Dd,BO/DD,1.4813006499999666
paper_p32_pair_formula_inputs_raw,ABO+Rh,17,AO/DD,BO/Dd,1.4813006499999664
paper_p32_pair_formula_inputs_raw,ABO+Rh,18,OO/DD,OO/dd,1.4659191292981069
paper_p32_pair_formula_inputs_raw,ABO+Rh,19,AA/DD,AO/DD,1.3724965151515547
paper_p32_pair_formula_inputs_raw,ABO+Rh,20,BO/Dd,OO/Dd,1.3593068289855172
paper_p32_pair_formula_inputs_raw,ABO+Rh,21,AA/DD,OO/Dd,1.2594633545893437
paper_p32_pair_formula_inputs_raw,ABO+Rh,22,AA/Dd,OO/DD,1.2594633545893434
paper_p32_pair_formula_inputs_raw,ABO+Rh,23,AO/DD,OO/dd,1.1494138627451065
paper_p32_pair_formula_inputs_raw,ABO+Rh,24,AO/dd,OO/DD,1.1494138627451065
paper_p32_pair_formula_inputs_raw,ABO+Rh,25,AO/Dd,BO/Dd,1.0658201272727352
paper_p32_pair_formula_inputs_raw,ABO+Rh,26,OO/Dd,OO/dd,1.0547528707018936
paper_p32_pair_formula_inputs_raw,ABO+Rh,27,AB/DD,OO/DD,1.0296649048025304
paper_p32_pair_formula_inputs_raw,ABO+Rh,28,AA/DD,AO/Dd,0.9875337666666446
paper_p32_pair_formula_inputs_raw,ABO+Rh,29,AA/Dd,AO/DD,0.9875337666666444
paper_p32_pair_formula_inputs_raw,ABO+Rh,30,AA/Dd,OO/Dd,0.9062045526570117
paper_p32_pair_formula_inputs_raw,ABO+Rh,31,AO/DD,AO/dd,0.9012449605615039
paper_p32_pair_formula_inputs_raw,ABO+Rh,32,AO/Dd,OO/dd,0.8270221372548937
paper_p32_pair_formula_inputs_raw,ABO+Rh,33,AO/dd,OO/Dd,0.8270221372548937
paper_p32_pair_formula_inputs_raw,ABO+Rh,34,AO/DD,AB/DD,0.8073508912656204
paper_p32_pair_formula_inputs_raw,ABO+Rh,35,AB/DD,OO/Dd,0.7408607968172609
paper_p32_pair_formula_inputs_raw,ABO+Rh,36,AB/Dd,OO/DD,0.7408607968172609
paper_p32_pair_formula_inputs_raw,ABO+Rh,37,AA/Dd,AO/Dd,0.7105467515151569
paper_p32_pair_formula_inputs_raw,ABO+Rh,38,AO/Dd,AO/dd,0.6484605394384962
paper_p32_pair_formula_inputs_raw,ABO+Rh,39,AO/DD,AB/Dd,0.5809022156862613
paper_p32_pair_formula_inputs_raw,ABO+Rh,40,AO/Dd,AB/DD,0.5809022156862613
paper_p32_pair_formula_inputs_raw,ABO+Rh,41,AB/Dd,OO/Dd,0.533061501562948
paper_p32_pair_formula_inputs_raw,ABO+Rh,42,BO/DD,BO/Dd,0.43794975739129444
paper_p32_pair_formula_inputs_raw,ABO+Rh,43,AO/Dd,AB/Dd,0.41796867736185694
paper_p32_pair_formula_inputs_raw,ABO+Rh,44,AA/DD,BO/DD,0.4057815783926336
paper_p32_pair_formula_inputs_raw,ABO+Rh,45,BO/DD,OO/dd,0.3398267072463793
paper_p32_pair_formula_inputs_raw,ABO+Rh,46,BO/dd,OO/DD,0.3398267072463793
paper_p32_pair_formula_inputs_raw,ABO+Rh,47,BO/DD,BO/DD,0.3043361837944752
paper_p32_pair_formula_inputs_raw,ABO+Rh,48,AA/DD,BO/Dd,0.2919665049275297
paper_p32_pair_formula_inputs_raw,ABO+Rh,49,AA/Dd,BO/DD,0.2919665049275297
paper_p32_pair_formula_inputs_raw,ABO+Rh,50,AO/DD,BO/dd,0.26645503181818375
paper_p32_pair_formula_inputs_raw,ABO+Rh,51,AO/dd,BO/DD,0.26645503181818375
paper_p32_pair_formula_inputs_raw,ABO+Rh,52,BO/Dd,OO/dd,0.24451089275362076
paper_p32_pair_formula_inputs_raw,ABO+Rh,53,BO/dd,OO/Dd,0.24451089275362076
paper_p32_pair_formula_inputs_raw,ABO+Rh,54,BO/DD,AB/DD,0.23869504611331388
paper_p32_pair_formula_inputs_raw,ABO+Rh,55,AA/DD,OO/dd,0.22655113816425293
paper_p32_pair_formula_inputs_raw,ABO+Rh,56,AA/dd,OO/DD,0.22655113816425293
paper_p32_pair_formula_inputs_raw,ABO+Rh,57,AA/Dd,BO/Dd,0.21007469175230725
paper_p32_pair_formula_inputs_raw,ABO+Rh,58,AA/DD,AA/Dd,0.19464433661835315
paper_p32_pair_formula_inputs_raw,ABO+Rh,59,AO/Dd,BO/dd,0.19171876818181627
paper_p32_pair_formula_inputs_raw,ABO+Rh,60,AO/dd,BO/Dd,0.19171876818181627
paper_p32_pair_formula_inputs_raw,ABO+Rh,61,AA/DD,AO/dd,0.1776366878787892
paper_p32_pair_formula_inputs_raw,ABO+Rh,62,AA/dd,AO/DD,0.1776366878787892
paper_p32_pair_formula_inputs_raw,ABO+Rh,63,BO/DD,AB/Dd,0.17174500289854686
paper_p32_pair_formula_inputs_raw,ABO+Rh,64,BO/Dd,AB/DD,0.17174500289854683
paper_p32_pair_formula_inputs_raw,ABO+Rh,65,AA/dd,OO/Dd,0.1630072618357472
paper_p32_pair_formula_inputs_raw,ABO+Rh,66,AA/Dd,OO/dd,0.16300726183574718
paper_p32_pair_formula_inputs_raw,ABO+Rh,67,AA/DD,AB/DD,0.15913003074220927
paper_p32_pair_formula_inputs_raw,ABO+Rh,68,BO/Dd,BO/Dd,0.1575560188142304
paper_p32_pair_formula_inputs_raw,ABO+Rh,69,BB/DD,OO/DD,0.15444973572037957
paper_p32_pair_formula_inputs_raw,ABO+Rh,70,AO/dd,OO/dd,0.14876400000000004
paper_p32_pair_formula_inputs_raw,ABO+Rh,71,AA/DD,AA/DD,0.13526052613087788
paper_p32_pair_formula_inputs_raw,ABO+Rh,72,AB/DD,OO/dd,0.133265375390737
paper_p32_pair_formula_inputs_raw,ABO+Rh,73,AB/dd,OO/DD,0.133265375390737
paper_p32_pair_formula_inputs_raw,ABO+Rh,74,AA/dd,AO/Dd,0.12781251212121086
paper_p32_pair_formula_inputs_raw,ABO+Rh,75,AA/Dd,AO/dd,0.12781251212121084
paper_p32_pair_formula_inputs_raw,ABO+Rh,76,BO/Dd,AB/Dd,0.12357334808959247
paper_p32_pair_formula_inputs_raw,ABO+Rh,77,AO/DD,BB/DD,0.12110263368984306
paper_p32_pair_formula_inputs_raw,ABO+Rh,78,AA/DD,AB/Dd,0.11449666859903126
paper_p32_pair_formula_inputs_raw,ABO+Rh,79,AA/Dd,AB/DD,0.11449666859903124
paper_p32_pair_formula_inputs_raw,ABO+Rh,80,BB/DD,OO/Dd,0.11112911952258914
paper_p32_pair_formula_inputs_raw,ABO+Rh,81,BB/Dd,OO/DD,0.11112911952258914
paper_p32_pair_formula_inputs_raw,ABO+Rh,82,AO/DD,AB/dd,0.10449216934046422
paper_p32_pair_formula_inputs_raw,ABO+Rh,83,AO/dd,AB/DD,0.10449216934046422
paper_p32_pair_formula_inputs_raw,ABO+Rh,84,AB/Dd,OO/dd,0.09588662460926305
paper_p32_pair_formula_inputs_raw,ABO+Rh,85,AB/dd,OO/Dd,0.09588662460926305
paper_p32_pair_formula_inputs_raw,ABO+Rh,86,OO/dd,OO/dd,0.09486400000000003
paper_p32_pair_formula_inputs_raw,ABO+Rh,87,AO/DD,BB/Dd,0.08713533235293922
paper_p32_pair_formula_inputs_raw,ABO+Rh,88,AO/Dd,BB/DD,0.08713533235293922
paper_p32_pair_formula_inputs_raw,ABO+Rh,89,AA/Dd,AB/Dd,0.08238223205972835
paper_p32_pair_formula_inputs_raw,ABO+Rh,90,BB/Dd,OO/Dd,0.07995922523444221
paper_p32_pair_formula_inputs_raw,ABO+Rh,91,BO/DD,BO/dd,0.0787780094071152
paper_p32_pair_formula_inputs_raw,ABO+Rh,92,AO/Dd,AB/dd,0.0751838306595358
paper_p32_pair_formula_inputs_raw,ABO+Rh,93,AO/dd,AB/Dd,0.0751838306595358
paper_p32_pair_formula_inputs_raw,ABO+Rh,94,AA/Dd,AA/Dd,0.07002489725076907
paper_p32_pair_formula_inputs_raw,ABO+Rh,95,AB/DD,AB/Dd,0.0673509815288419
paper_p32_pair_formula_inputs_raw,ABO+Rh,96,AO/Dd,BB/Dd,0.06269530160427854
paper_p32_pair_formula_inputs_raw,ABO+Rh,97,AO/dd,AO/dd,0.058322250000000006
paper_p32_pair_formula_inputs_raw,ABO+Rh,98,BO/Dd,BO/dd,0.056682070592884805
paper_p32_pair_formula_inputs_raw,ABO+Rh,99,AA/DD,BO/dd,0.05251867293807681
paper_p32_pair_formula_inputs_raw,ABO+Rh,100,AA/dd,BO/DD,0.05251867293807681
paper_p32_pair_formula_inputs_raw,ABO+Rh,101,AB/DD,AB/DD,0.046802950218296835
paper_p32_pair_formula_inputs_raw,ABO+Rh,102,BO/dd,OO/dd,0.04398240000000001
paper_p32_pair_formula_inputs_raw,ABO+Rh,103,AA/Dd,BO/dd,0.03778804706192321
paper_p32_pair_formula_inputs_raw,ABO+Rh,104,AA/dd,BO/Dd,0.03778804706192321
paper_p32_pair_formula_inputs_raw,ABO+Rh,105,BB/DD,BO/DD,0.03580425691699708
paper_p32_pair_formula_inputs_raw,ABO+Rh,106,AA/DD,AA/dd,0.035012448625384544
paper_p32_pair_formula_inputs_raw,ABO+Rh,107,AO/dd,BO/dd,0.0344862
paper_p32_pair_formula_inputs_raw,ABO+Rh,108,BO/DD,AB/dd,0.030893337022398118
paper_p32_pair_formula_inputs_raw,ABO+Rh,109,BO/dd,AB/DD,0.030893337022398118
paper_p32_pair_formula_inputs_raw,ABO+Rh,110,AA/dd,OO/dd,0.02932160000000001
paper_p32_pair_formula_inputs_raw,ABO+Rh,111,BB/Dd,BO/DD,0.02576175043478203
paper_p32_pair_formula_inputs_raw,ABO+Rh,112,BB/DD,BO/Dd,0.025761750434782026
paper_p32_pair_formula_inputs_raw,ABO+Rh,113,AA/Dd,AA/dd,0.025192031374615474
paper_p32_pair_formula_inputs_raw,ABO+Rh,114,AB/Dd,AB/Dd,0.024230068252861277
paper_p32_pair_formula_inputs_raw,ABO+Rh,115,AA/DD,BB/DD,0.02386950461133139
paper_p32_pair_formula_inputs_raw,ABO+Rh,116,AA/dd,AO/dd,0.02299080000000001
paper_p32_pair_formula_inputs_raw,ABO+Rh,117,BO/Dd,AB/dd,0.022228262977601887
paper_p32_pair_formula_inputs_raw,ABO+Rh,118,BO/dd,AB/Dd,0.022228262977601887
paper_p32_pair_formula_inputs_raw,ABO+Rh,119,AA/DD,AB/dd,0.020595558014932083
paper_p32_pair_formula_inputs_raw,ABO+Rh,120,AA/dd,AB/DD,0.020595558014932083
paper_p32_pair_formula_inputs_raw,ABO+Rh,121,BB/DD,OO/dd,0.019989806308610553
paper_p32_pair_formula_inputs_raw,ABO+Rh,122,BB/dd,OO/DD,0.01998980630861055
paper_p32_pair_formula_inputs_raw,ABO+Rh,123,BB/Dd,BO/Dd,0.018536002213438874
paper_p32_pair_formula_inputs_raw,ABO+Rh,124,AB/dd,OO/dd,0.017248000000000006
paper_p32_pair_formula_inputs_raw,ABO+Rh,125,AA/DD,BB/Dd,0.017174500289854688
paper_p32_pair_formula_inputs_raw,ABO+Rh,126,AA/Dd,BB/DD,0.017174500289854688
paper_p32_pair_formula_inputs_raw,ABO+Rh,127,AO/dd,BB/DD,0.015673825401069635
paper_p32_pair_formula_inputs_raw,ABO+Rh,128,AO/DD,BB/dd,0.015673825401069635
paper_p32_pair_formula_inputs_raw,ABO+Rh,129,AA/dd,AB/Dd,0.01481884198506793
paper_p32_pair_formula_inputs_raw,ABO+Rh,130,AA/Dd,AB/dd,0.014818841985067926
paper_p32_pair_formula_inputs_raw,ABO+Rh,131,BB/Dd,OO/dd,0.014382993691389458
paper_p32_pair_formula_inputs_raw,ABO+Rh,132,BB/dd,OO/Dd,0.014382993691389458
paper_p32_pair_formula_inputs_raw,ABO+Rh,133,BB/DD,AB/DD,0.014040885065489051
paper_p32_pair_formula_inputs_raw,ABO+Rh,134,AO/dd,AB/dd,0.013524000000000005
paper_p32_pair_formula_inputs_raw,ABO+Rh,135,AA/Dd,BB/Dd,0.01235733480895925
paper_p32_pair_formula_inputs_raw,ABO+Rh,136,AB/DD,AB/dd,0.012115034126430635
paper_p32_pair_formula_inputs_raw,ABO+Rh,137,AO/Dd,BB/dd,0.011277574598930369
paper_p32_pair_formula_inputs_raw,ABO+Rh,138,AO/dd,BB/Dd,0.011277574598930369
paper_p32_pair_formula_inputs_raw,ABO+Rh,139,BB/DD,AB/Dd,0.010102647229326286
paper_p32_pair_formula_inputs_raw,ABO+Rh,140,BB/Dd,AB/DD,0.010102647229326286
paper_p32_pair_formula_inputs_raw,ABO+Rh,141,AB/Dd,AB/dd,0.008716965873569368
paper_p32_pair_formula_inputs_raw,ABO+Rh,142,BB/Dd,AB/Dd,0.007269020475858382
paper_p32_pair_formula_inputs_raw,ABO+Rh,143,AA/dd,BO/dd,0.006797280000000002
paper_p32_pair_formula_inputs_raw,ABO+Rh,144,BO/dd,BO/dd,0.005097960000000001
paper_p32_pair_formula_inputs_raw,ABO+Rh,145,BB/DD,BO/dd,0.004634000553359718
paper_p32_pair_formula_inputs_raw,ABO+Rh,146,BB/dd,BO/DD,0.004634000553359718
paper_p32_pair_formula_inputs_raw,ABO+Rh,147,BO/dd,AB/dd,0.003998400000000001
paper_p32_pair_formula_inputs_raw,ABO+Rh,148,BB/Dd,BO/dd,0.0033342394466402835
paper_p32_pair_formula_inputs_raw,ABO+Rh,149,BB/dd,BO/Dd,0.0033342394466402826
paper_p32_pair_formula_inputs_raw,ABO+Rh,150,AA/DD,BB/dd,0.0030893337022398124
paper_p32_pair_formula_inputs_raw,ABO+Rh,151,AA/dd,BB/DD,0.0030893337022398124
paper_p32_pair_formula_inputs_raw,ABO+Rh,152,AA/dd,AB/dd,0.002665600000000001
paper_p32_pair_formula_inputs_raw,ABO+Rh,153,BB/dd,OO/dd,0.002587200000000001
paper_p32_pair_formula_inputs_raw,ABO+Rh,154,AA/dd,AA/dd,0.002265760000000001
paper_p32_pair_formula_inputs_raw,ABO+Rh,155,AA/dd,BB/Dd,0.002222826297760189
paper_p32_pair_formula_inputs_raw,ABO+Rh,156,AA/Dd,BB/dd,0.0022228262977601887
paper_p32_pair_formula_inputs_raw,ABO+Rh,157,AO/dd,BB/dd,0.0020286000000000006
paper_p32_pair_formula_inputs_raw,ABO+Rh,158,BB/DD,AB/dd,0.0018172551189645956
paper_p32_pair_formula_inputs_raw,ABO+Rh,159,BB/dd,AB/DD,0.0018172551189645952
paper_p32_pair_formula_inputs_raw,ABO+Rh,160,BB/DD,BB/Dd,0.001515397084398943
paper_p32_pair_formula_inputs_raw,ABO+Rh,161,BB/Dd,AB/dd,0.0013075448810354053
paper_p32_pair_formula_inputs_raw,ABO+Rh,162,BB/dd,AB/Dd,0.0013075448810354051
paper_p32_pair_formula_inputs_raw,ABO+Rh,163,BB/DD,BB/DD,0.001053066379911679
paper_p32_pair_formula_inputs_raw,ABO+Rh,164,AB/dd,AB/dd,0.0007840000000000003
paper_p32_pair_formula_inputs_raw,ABO+Rh,165,BB/dd,BO/dd,0.0005997600000000002
paper_p32_pair_formula_inputs_raw,ABO+Rh,166,BB/Dd,BB/Dd,0.0005451765356893788
paper_p32_pair_formula_inputs_raw,ABO+Rh,167,AA/dd,BB/dd,0.00039984000000000016
paper_p32_pair_formula_inputs_raw,ABO+Rh,168,BB/DD,BB/dd,0.00027258826784468934
paper_p32_pair_formula_inputs_raw,ABO+Rh,169,BB/dd,AB/dd,0.0002352000000000001
paper_p32_pair_formula_inputs_raw,ABO+Rh,170,BB/Dd,BB/dd,0.00019613173215531082
paper_p32_pair_formula_inputs_raw,ABO+Rh,171,BB/dd,BB/dd,1.7640000000000007e-05
paper_p32_pair_formula_inputs_normalized,ABO,1,AO,OO,30.299370958711616
paper_p32_pair_formula_inputs_normalized,ABO,2,OO,OO,19.321338002656685
paper_p32_pair_formula_inputs_normalized,ABO,3,AO,AO,11.878730659949442
paper_p32_pair_formula_inputs_normalized,ABO,4,BO,OO,8.958074892140827
paper_p32_pair_formula_inputs_normalized,ABO,5,AO,BO,7.023945085883148
paper_p32_pair_formula_inputs_normalized,ABO,6,AA,OO,5.972049928093885
paper_p32_pair_formula_inputs_normalized,ABO,7,AA,AO,4.682630057255432
paper_p32_pair_formula_inputs_normalized,ABO,8,AB,OO,3.512970545937579
paper_p32_pair_formula_inputs_normalized,ABO,9,AO,AB,2.7544882689737835
paper_p32_pair_formula_inputs_normalized,ABO,10,AA,BO,1.3844297560581278
paper_p32_pair_formula_inputs_normalized,ABO,11,BO,BO,1.0383223170435958
paper_p32_pair_formula_inputs_normalized,ABO,12,BO,AB,0.8143704447400751
paper_p32_pair_formula_inputs_normalized,ABO,13,AA,AB,0.5429136298267168
paper_p32_pair_formula_inputs_normalized,ABO,14,BB,OO,0.5269455818906368
paper_p32_pair_formula_inputs_normalized,ABO,15,AA,AA,0.46147658535270925
paper_p32_pair_formula_inputs_normalized,ABO,16,AO,BB,0.4131732403460675
paper_p32_pair_formula_inputs_normalized,ABO,17,AB,AB,0.15968047936079904
paper_p32_pair_formula_inputs_normalized,ABO,18,BB,BO,0.12215556671101127
paper_p32_pair_formula_inputs_normalized,ABO,19,AA,BB,0.08143704447400751
paper_p32_pair_formula_inputs_normalized,ABO,20,BB,AB,0.047904143808239714
paper_p32_pair_formula_inputs_normalized,ABO,21,BB,BB,0.0035928107856179783
paper_p32_pair_formula_inputs_normalized,ABO+Rh,1,AO/DD,OO/DD,8.863124691414304
paper_p32_pair_formula_inputs_normalized,ABO+Rh,2,OO/DD,OO/Dd,8.133194243309008
paper_p32_pair_formula_inputs_normalized,ABO+Rh,3,AO/DD,OO/Dd,6.377163668049109
paper_p32_pair_formula_inputs_normalized,ABO+Rh,4,AO/Dd,OO/DD,6.377163668049109
paper_p32_pair_formula_inputs_normalized,ABO+Rh,5,OO/DD,OO/DD,5.651847629307673
paper_p32_pair_formula_inputs_normalized,ABO+Rh,6,AO/DD,AO/Dd,5.000276057902142
paper_p32_pair_formula_inputs_normalized,ABO+Rh,7,AO/Dd,OO/Dd,4.588473914677158
paper_p32_pair_formula_inputs_normalized,ABO+Rh,8,AO/DD,AO/DD,3.474747748338562
paper_p32_pair_formula_inputs_normalized,ABO+Rh,9,OO/Dd,OO/Dd,2.925983365881086
paper_p32_pair_formula_inputs_normalized,ABO+Rh,10,BO/DD,OO/DD,2.620402082679012
paper_p32_pair_formula_inputs_normalized,ABO+Rh,11,AO/DD,BO/DD,2.054633451191498
paper_p32_pair_formula_inputs_normalized,ABO+Rh,12,BO/DD,OO/Dd,1.8854223018579979
paper_p32_pair_formula_inputs_normalized,ABO+Rh,13,BO/Dd,OO/DD,1.8854223018579979
paper_p32_pair_formula_inputs_normalized,ABO+Rh,14,AO/Dd,AO/Dd,1.7988903415495674
paper_p32_pair_formula_inputs_normalized,ABO+Rh,15,AA/DD,OO/DD,1.746934721786008
paper_p32_pair_formula_inputs_normalized,ABO+Rh,16,AO/Dd,BO/DD,1.4783424866841117
paper_p32_pair_formula_inputs_normalized,ABO+Rh,17,AO/DD,BO/Dd,1.4783424866841117
paper_p32_pair_formula_inputs_normalized,ABO+Rh,18,OO/DD,OO/dd,1.4629916829405427
paper_p32_pair_formula_inputs_normalized,ABO+Rh,19,AA/DD,AO/DD,1.3697556341276653
paper_p32_pair_formula_inputs_normalized,ABO+Rh,20,BO/Dd,OO/Dd,1.3565922878175944
paper_p32_pair_formula_inputs_normalized,ABO+Rh,21,AA/DD,OO/Dd,1.2569482012386652
paper_p32_pair_formula_inputs_normalized,ABO+Rh,22,AA/Dd,OO/DD,1.256948201238665
paper_p32_pair_formula_inputs_normalized,ABO+Rh,23,AO/DD,OO/dd,1.1471184786692892
paper_p32_pair_formula_inputs_normalized,ABO+Rh,24,AO/dd,OO/DD,1.1471184786692892
paper_p32_pair_formula_inputs_normalized,ABO+Rh,25,AO/Dd,BO/Dd,1.0636916802206138
paper_p32_pair_formula_inputs_normalized,ABO+Rh,26,OO/Dd,OO/dd,1.0526465250053578
paper_p32_pair_formula_inputs_normalized,ABO+Rh,27,AB/DD,OO/DD,1.0276086598741223
paper_p32_pair_formula_inputs_normalized,ABO+Rh,28,AA/DD,AO/Dd,0.985561657789408
paper_p32_pair_formula_inputs_normalized,ABO+Rh,29,AA/Dd,AO/DD,0.9855616577894077
paper_p32_pair_formula_inputs_normalized,ABO+Rh,30,AA/Dd,OO/Dd,0.9043948585450629
paper_p32_pair_formula_inputs_normalized,ABO+Rh,31,AO/DD,AO/dd,0.8994451707747835
paper_p32_pair_formula_inputs_normalized,ABO+Rh,32,AO/Dd,OO/dd,0.8253705707428373
paper_p32_pair_formula_inputs_normalized,ABO+Rh,33,AO/dd,OO/Dd,0.8253705707428373
paper_p32_pair_formula_inputs_normalized,ABO+Rh,34,AO/DD,AB/DD,0.8057386083103912
paper_p32_pair_formula_inputs_normalized,ABO+Rh,35,AB/DD,OO/Dd,0.7393812948462735
paper_p32_pair_formula_inputs_normalized,ABO+Rh,36,AB/Dd,OO/DD,0.7393812948462735
paper_p32_pair_formula_inputs_normalized,ABO+Rh,37,AA/Dd,AO/Dd,0.7091277868137424
paper_p32_pair_formula_inputs_normalized,ABO+Rh,38,AO/Dd,AO/dd,0.6471655611506337
paper_p32_pair_formula_inputs_normalized,ABO+Rh,39,AO/DD,AB/Dd,0.5797421516408281
paper_p32_pair_formula_inputs_normalized,ABO+Rh,40,AO/Dd,AB/DD,0.5797421516408281
paper_p32_pair_formula_inputs_normalized,ABO+Rh,41,AB/Dd,OO/Dd,0.5319969756147429
paper_p32_pair_formula_inputs_normalized,ABO+Rh,42,BO/DD,BO/Dd,0.4370751699761722
paper_p32_pair_formula_inputs_normalized,ABO+Rh,43,AO/Dd,AB/Dd,0.417133992243378
paper_p32_pair_formula_inputs_normalized,ABO+Rh,44,AA/DD,BO/DD,0.40497123095948373
paper_p32_pair_formula_inputs_normalized,ABO+Rh,45,BO/dd,OO/DD,0.3391480719543986
paper_p32_pair_formula_inputs_normalized,ABO+Rh,46,BO/DD,OO/dd,0.33914807195439856
paper_p32_pair_formula_inputs_normalized,ABO+Rh,47,BO/DD,BO/DD,0.30372842321961274
paper_p32_pair_formula_inputs_normalized,ABO+Rh,48,AA/DD,BO/Dd,0.2913834466507815
paper_p32_pair_formula_inputs_normalized,ABO+Rh,49,AA/Dd,BO/DD,0.2913834466507815
paper_p32_pair_formula_inputs_normalized,ABO+Rh,50,AO/DD,BO/dd,0.26592292005515344
paper_p32_pair_formula_inputs_normalized,ABO+Rh,51,AO/dd,BO/DD,0.2659229200551534
paper_p32_pair_formula_inputs_normalized,ABO+Rh,52,BO/dd,OO/Dd,0.24402260352396932
paper_p32_pair_formula_inputs_normalized,ABO+Rh,53,BO/Dd,OO/dd,0.2440226035239693
paper_p32_pair_formula_inputs_normalized,ABO+Rh,54,BO/DD,AB/DD,0.23821837115263747
paper_p32_pair_formula_inputs_normalized,ABO+Rh,55,AA/DD,OO/dd,0.22609871463626577
paper_p32_pair_formula_inputs_normalized,ABO+Rh,56,AA/dd,OO/DD,0.22609871463626577
paper_p32_pair_formula_inputs_normalized,ABO+Rh,57,AA/Dd,BO/Dd,0.20965517175362824
paper_p32_pair_formula_inputs_normalized,ABO+Rh,58,AA/DD,AA/Dd,0.194255631100521
paper_p32_pair_formula_inputs_normalized,ABO+Rh,59,AO/Dd,BO/dd,0.19133590503583958
paper_p32_pair_formula_inputs_normalized,ABO+Rh,60,AO/dd,BO/Dd,0.19133590503583955
paper_p32_pair_formula_inputs_normalized,ABO+Rh,61,AA/DD,AO/dd,0.1772819467034356
paper_p32_pair_formula_inputs_normalized,ABO+Rh,62,AA/dd,AO/DD,0.1772819467034356
paper_p32_pair_formula_inputs_normalized,ABO+Rh,63,BO/DD,AB/Dd,0.17140202744163616
paper_p32_pair_formula_inputs_normalized,ABO+Rh,64,BO/Dd,AB/DD,0.17140202744163616
paper_p32_pair_formula_inputs_normalized,ABO+Rh,65,AA/dd,OO/Dd,0.1626817356826462
paper_p32_pair_formula_inputs_normalized,ABO+Rh,66,AA/Dd,OO/dd,0.16268173568264618
paper_p32_pair_formula_inputs_normalized,ABO+Rh,67,AA/DD,AB/DD,0.15881224743509165
paper_p32_pair_formula_inputs_normalized,ABO+Rh,68,BO/Dd,BO/Dd,0.15724137881522118
paper_p32_pair_formula_inputs_normalized,ABO+Rh,69,BB/DD,OO/DD,0.15414129898111834
paper_p32_pair_formula_inputs_normalized,ABO+Rh,70,AO/dd,OO/dd,0.14846691769768694
paper_p32_pair_formula_inputs_normalized,ABO+Rh,71,AA/DD,AA/DD,0.13499041031982792
paper_p32_pair_formula_inputs_normalized,ABO+Rh,72,AB/dd,OO/DD,0.13299924390368573
paper_p32_pair_formula_inputs_normalized,ABO+Rh,73,AB/DD,OO/dd,0.1329992439036857
paper_p32_pair_formula_inputs_normalized,ABO+Rh,74,AA/dd,AO/Dd,0.12755727002389305
paper_p32_pair_formula_inputs_normalized,ABO+Rh,75,AA/Dd,AO/dd,0.12755727002389303
paper_p32_pair_formula_inputs_normalized,ABO+Rh,76,BO/Dd,AB/Dd,0.12332657161978132
paper_p32_pair_formula_inputs_normalized,ABO+Rh,77,AO/DD,BB/DD,0.1208607912465587
paper_p32_pair_formula_inputs_normalized,ABO+Rh,78,AA/DD,AB/Dd,0.1142680182944241
paper_p32_pair_formula_inputs_normalized,ABO+Rh,79,AA/Dd,AB/DD,0.1142680182944241
paper_p32_pair_formula_inputs_normalized,ABO+Rh,80,BB/DD,OO/Dd,0.11090719422694104
paper_p32_pair_formula_inputs_normalized,ABO+Rh,81,BB/Dd,OO/DD,0.11090719422694102
paper_p32_pair_formula_inputs_normalized,ABO+Rh,82,AO/DD,AB/dd,0.10428349806084448
paper_p32_pair_formula_inputs_normalized,ABO+Rh,83,AO/dd,AB/DD,0.10428349806084448
paper_p32_pair_formula_inputs_normalized,ABO+Rh,84,AB/dd,OO/Dd,0.09569513863685071
paper_p32_pair_formula_inputs_normalized,ABO+Rh,85,AB/Dd,OO/dd,0.0956951386368507
paper_p32_pair_formula_inputs_normalized,ABO+Rh,86,OO/dd,OO/dd,0.09467455621301776
paper_p32_pair_formula_inputs_normalized,ABO+Rh,87,AO/Dd,BB/DD,0.08696132274612421
paper_p32_pair_formula_inputs_normalized,ABO+Rh,88,AO/DD,BB/Dd,0.0869613227461242
paper_p32_pair_formula_inputs_normalized,ABO+Rh,89,AA/Dd,AB/Dd,0.08221771441318754
paper_p32_pair_formula_inputs_normalized,ABO+Rh,90,BB/Dd,OO/Dd,0.07979954634221142
paper_p32_pair_formula_inputs_normalized,ABO+Rh,91,BO/DD,BO/dd,0.07862068940761059
paper_p32_pair_formula_inputs_normalized,ABO+Rh,92,AO/Dd,AB/dd,0.07503368824934885
paper_p32_pair_formula_inputs_normalized,ABO+Rh,93,AO/dd,AB/Dd,0.07503368824934885
paper_p32_pair_formula_inputs_normalized,ABO+Rh,94,AA/Dd,AA/Dd,0.0698850572512094
paper_p32_pair_formula_inputs_normalized,ABO+Rh,95,AB/DD,AB/Dd,0.06721648134966124
paper_p32_pair_formula_inputs_normalized,ABO+Rh,96,AO/Dd,BB/Dd,0.06257009883650669
paper_p32_pair_formula_inputs_normalized,ABO+Rh,97,AO/dd,AO/dd,0.05820578023375226
paper_p32_pair_formula_inputs_normalized,ABO+Rh,98,BO/Dd,BO/dd,0.05656887627146562
paper_p32_pair_formula_inputs_normalized,ABO+Rh,99,AA/DD,BO/dd,0.05241379293840706
paper_p32_pair_formula_inputs_normalized,ABO+Rh,100,AA/dd,BO/DD,0.05241379293840706
paper_p32_pair_formula_inputs_normalized,ABO+Rh,101,AB/DD,AB/DD,0.04670948453973283
paper_p32_pair_formula_inputs_normalized,ABO+Rh,102,BO/dd,OO/dd,0.04389456697149006
paper_p32_pair_formula_inputs_normalized,ABO+Rh,103,AA/Dd,BO/dd,0.03771258418097708
paper_p32_pair_formula_inputs_normalized,ABO+Rh,104,AA/dd,BO/Dd,0.03771258418097708
paper_p32_pair_formula_inputs_normalized,ABO+Rh,105,BB/DD,BO/DD,0.03573275567289562
paper_p32_pair_formula_inputs_normalized,ABO+Rh,106,AA/DD,AA/dd,0.03494252862560471
paper_p32_pair_formula_inputs_normalized,ABO+Rh,107,AO/dd,BO/dd,0.03441733092082743
paper_p32_pair_formula_inputs_normalized,ABO+Rh,108,BO/DD,AB/dd,0.03083164290494533
paper_p32_pair_formula_inputs_normalized,ABO+Rh,109,BO/dd,AB/DD,0.03083164290494533
paper_p32_pair_formula_inputs_normalized,ABO+Rh,110,AA/dd,OO/dd,0.02926304464766004
paper_p32_pair_formula_inputs_normalized,ABO+Rh,111,BB/DD,BO/Dd,0.02571030411624542
paper_p32_pair_formula_inputs_normalized,ABO+Rh,112,BB/Dd,BO/DD,0.02571030411624542
paper_p32_pair_formula_inputs_normalized,ABO+Rh,113,AA/Dd,AA/dd,0.02514172278731805
paper_p32_pair_formula_inputs_normalized,ABO+Rh,114,AB/Dd,AB/Dd,0.024181680709761042
paper_p32_pair_formula_inputs_normalized,ABO+Rh,115,AA/DD,BB/DD,0.023821837115263745
paper_p32_pair_formula_inputs_normalized,ABO+Rh,116,AA/dd,AO/dd,0.02294488728055162
paper_p32_pair_formula_inputs_normalized,ABO+Rh,117,BO/Dd,AB/dd,0.022183873047633574
paper_p32_pair_formula_inputs_normalized,ABO+Rh,118,BO/dd,AB/Dd,0.022183873047633574
paper_p32_pair_formula_inputs_normalized,ABO+Rh,119,AA/DD,AB/dd,0.020554428603296888
paper_p32_pair_formula_inputs_normalized,ABO+Rh,120,AA/dd,AB/DD,0.020554428603296884
paper_p32_pair_formula_inputs_normalized,ABO+Rh,121,BB/DD,OO/dd,0.019949886585552856
paper_p32_pair_formula_inputs_normalized,ABO+Rh,122,BB/dd,OO/DD,0.019949886585552856
paper_p32_pair_formula_inputs_normalized,ABO+Rh,123,BB/Dd,BO/Dd,0.018498985742967197
paper_p32_pair_formula_inputs_normalized,ABO+Rh,124,AB/dd,OO/dd,0.01721355567509414
paper_p32_pair_formula_inputs_normalized,ABO+Rh,125,AA/DD,BB/Dd,0.017140202744163613
paper_p32_pair_formula_inputs_normalized,ABO+Rh,126,AA/Dd,BB/DD,0.017140202744163613
paper_p32_pair_formula_inputs_normalized,ABO+Rh,127,AO/DD,BB/dd,0.015642524709126672
paper_p32_pair_formula_inputs_normalized,ABO+Rh,128,AO/dd,BB/DD,0.015642524709126672
paper_p32_pair_formula_inputs_normalized,ABO+Rh,129,AA/Dd,AB/dd,0.014789248698422384
paper_p32_pair_formula_inputs_normalized,ABO+Rh,130,AA/dd,AB/Dd,0.014789248698422384
paper_p32_pair_formula_inputs_normalized,ABO+Rh,131,BB/dd,OO/Dd,0.014354270795527606
paper_p32_pair_formula_inputs_normalized,ABO+Rh,132,BB/Dd,OO/dd,0.014354270795527603
paper_p32_pair_formula_inputs_normalized,ABO+Rh,133,BB/DD,AB/DD,0.01401284536191985
paper_p32_pair_formula_inputs_normalized,ABO+Rh,134,AO/dd,AB/dd,0.013496992517971542
paper_p32_pair_formula_inputs_normalized,ABO+Rh,135,AA/Dd,BB/Dd,0.01233265716197813
paper_p32_pair_formula_inputs_normalized,ABO+Rh,136,AB/DD,AB/dd,0.01209084035488052
paper_p32_pair_formula_inputs_normalized,ABO+Rh,137,AO/Dd,BB/dd,0.011255053237402326
paper_p32_pair_formula_inputs_normalized,ABO+Rh,138,AO/dd,BB/Dd,0.011255053237402326
paper_p32_pair_formula_inputs_normalized,ABO+Rh,139,BB/DD,AB/Dd,0.010082472202449184
paper_p32_pair_formula_inputs_normalized,ABO+Rh,140,BB/Dd,AB/DD,0.010082472202449184
paper_p32_pair_formula_inputs_normalized,ABO+Rh,141,AB/Dd,AB/dd,0.00869955805789552
paper_p32_pair_formula_inputs_normalized,ABO+Rh,142,BB/Dd,AB/Dd,0.007254504212928311
paper_p32_pair_formula_inputs_normalized,ABO+Rh,143,AA/dd,BO/dd,0.0067837058046848284
paper_p32_pair_formula_inputs_normalized,ABO+Rh,144,BO/dd,BO/dd,0.005087779353513621
paper_p32_pair_formula_inputs_normalized,ABO+Rh,145,BB/DD,BO/dd,0.004624746435741799
paper_p32_pair_formula_inputs_normalized,ABO+Rh,146,BB/dd,BO/DD,0.004624746435741799
paper_p32_pair_formula_inputs_normalized,ABO+Rh,147,BO/dd,AB/dd,0.003990415179226369
paper_p32_pair_formula_inputs_normalized,ABO+Rh,148,BB/Dd,BO/dd,0.003327580957145036
paper_p32_pair_formula_inputs_normalized,ABO+Rh,149,BB/dd,BO/Dd,0.003327580957145036
paper_p32_pair_formula_inputs_normalized,ABO+Rh,150,AA/DD,BB/dd,0.0030831642904945327
paper_p32_pair_formula_inputs_normalized,ABO+Rh,151,AA/dd,BB/DD,0.0030831642904945327
paper_p32_pair_formula_inputs_normalized,ABO+Rh,152,AA/dd,AB/dd,0.0026602767861509126
paper_p32_pair_formula_inputs_normalized,ABO+Rh,153,BB/dd,OO/dd,0.002582033351264121
paper_p32_pair_formula_inputs_normalized,ABO+Rh,154,AA/dd,AA/dd,0.0022612352682282763
paper_p32_pair_formula_inputs_normalized,ABO+Rh,155,AA/Dd,BB/dd,0.0022183873047633574
paper_p32_pair_formula_inputs_normalized,ABO+Rh,156,AA/dd,BB/Dd,0.002218387304763357
paper_p32_pair_formula_inputs_normalized,ABO+Rh,157,AO/dd,BB/dd,0.002024548877695731
paper_p32_pair_formula_inputs_normalized,ABO+Rh,158,BB/DD,AB/dd,0.001813626053232078
paper_p32_pair_formula_inputs_normalized,ABO+Rh,159,BB/dd,AB/DD,0.001813626053232078
paper_p32_pair_formula_inputs_normalized,ABO+Rh,160,BB/DD,BB/Dd,0.0015123708303673776
paper_p32_pair_formula_inputs_normalized,ABO+Rh,161,BB/Dd,AB/dd,0.0013049337086843277
paper_p32_pair_formula_inputs_normalized,ABO+Rh,162,BB/dd,AB/Dd,0.0013049337086843277
paper_p32_pair_formula_inputs_normalized,ABO+Rh,163,BB/DD,BB/DD,0.0010509634021439887
paper_p32_pair_formula_inputs_normalized,ABO+Rh,164,AB/dd,AB/dd,0.0007824343488679155
paper_p32_pair_formula_inputs_normalized,ABO+Rh,165,BB/dd,BO/dd,0.0005985622768839554
paper_p32_pair_formula_inputs_normalized,ABO+Rh,166,BB/Dd,BB/Dd,0.0005440878159696233
paper_p32_pair_formula_inputs_normalized,ABO+Rh,167,AA/dd,BB/dd,0.00039904151792263695
paper_p32_pair_formula_inputs_normalized,ABO+Rh,168,BB/DD,BB/dd,0.0002720439079848117
paper_p32_pair_formula_inputs_normalized,ABO+Rh,169,BB/dd,AB/dd,0.00023473030466037467
paper_p32_pair_formula_inputs_normalized,ABO+Rh,170,BB/Dd,BB/dd,0.00019574005630264914
paper_p32_pair_formula_inputs_normalized,ABO+Rh,171,BB/dd,BB/dd,1.7604772849528098e-05
