dataset_id,population,superpopulation,locus,allele_1,allele_2,hom_1,het,hom_2,n,observation_status,source_id
ensembl_rs12913832_phase3,ACB,AFR,rs12913832,A,G,82,13,1,96,complete,ensembl_rs12913832
ensembl_rs12913832_phase3,ASW,AFR,rs12913832,A,G,45,15,1,61,complete,ensembl_rs12913832
ensembl_rs12913832_phase3,BEB,SAS,rs12913832,A,G,69,17,0,86,zero_completed_unobserved,ensembl_rs12913832
ensembl_rs12913832_phase3,CDX,EAS,rs12913832,A,G,93,0,0,93,zero_completed_unobserved,ensembl_rs12913832
ensembl_rs12913832_phase3,CEU,EUR,rs12913832,A,G,4,38,57,99,complete,ensembl_rs12913832
ensembl_rs12913832_phase3,CHB,EAS,rs12913832,A,G,103,0,0,103,zero_completed_unobserved,ensembl_rs12913832
ensembl_rs12913832_phase3,CHS,EAS,rs12913832,A,G,103,2,0,105,zero_completed_unobserved,ensembl_rs12913832
ensembl_rs12913832_phase3,CLM,AMR,rs12913832,A,G,50,38,6,94,complete,ensembl_rs12913832
ensembl_rs12913832_phase3,ESN,AFR,rs12913832,A,G,99,0,0,99,zero_completed_unobserved,ensembl_rs12913832
ensembl_rs12913832_phase3,FIN,EUR,rs12913832,A,G,0,18,81,99,zero_completed_unobserved,ensembl_rs12913832
ensembl_rs12913832_phase3,GBR,EUR,rs12913832,A,G,4,25,62,91,complete,ensembl_rs12913832
ensembl_rs12913832_phase3,GIH,SAS,rs12913832,A,G,86,17,0,103,zero_completed_unobserved,ensembl_rs12913832
ensembl_rs12913832_phase3,GWD,AFR,rs12913832,A,G,108,5,0,113,zero_completed_unobserved,ensembl_rs12913832
ensembl_rs12913832_phase3,IBS,EUR,rs12913832,A,G,48,49,10,107,complete,ensembl_rs12913832
ensembl_rs12913832_phase3,ITU,SAS,rs12913832,A,G,92,10,0,102,zero_completed_unobserved,ensembl_rs12913832
ensembl_rs12913832_phase3,JPT,EAS,rs12913832,A,G,104,0,0,104,zero_completed_unobserved,ensembl_rs12913832
ensembl_rs12913832_phase3,KHV,EAS,rs12913832,A,G,99,0,0,99,zero_completed_unobserved,ensembl_rs12913832
ensembl_rs12913832_phase3,LWK,AFR,rs12913832,A,G,99,0,0,99,zero_completed_unobserved,ensembl_rs12913832
ensembl_rs12913832_phase3,MSL,AFR,rs12913832,A,G,85,0,0,85,zero_completed_unobserved,ensembl_rs12913832
ensembl_rs12913832_phase3,MXL,AMR,rs12913832,A,G,47,11,6,64,complete,ensembl_rs12913832
ensembl_rs12913832_phase3,PEL,AMR,rs12913832,A,G,66,19,0,85,zero_completed_unobserved,ensembl_rs12913832
ensembl_rs12913832_phase3,PJL,SAS,rs12913832,A,G,79,15,2,96,complete,ensembl_rs12913832
ensembl_rs12913832_phase3,PUR,AMR,rs12913832,A,G,64,32,8,104,complete,ensembl_rs12913832
ensembl_rs12913832_phase3,STU,SAS,rs12913832,A,G,96,6,0,102,zero_completed_unobserved,ensembl_rs12913832
ensembl_rs12913832_phase3,TSI,EUR,rs12913832,A,G,34,56,17,107,complete,ensembl_rs12913832
ensembl_rs12913832_phase3,YRI,AFR,rs12913832,A,G,108,0,0,108,zero_completed_unobserved,ensembl_rs12913832
