"dataset_id","population","superpopulation","locus","allele_1","allele_2","hom_1","het","hom_2","n","observation_status","source_id"
"1000genomes_phase3_rs334","ACB","AFR","rs334","T","A","87","9","0","96","published_genotype_call_counts_zero_completed","ensembl_rs334_phase3_20260905"
"1000genomes_phase3_rs334","ASW","AFR","rs334","T","A","59","2","0","61","published_genotype_call_counts_zero_completed","ensembl_rs334_phase3_20260905"
"1000genomes_phase3_rs334","BEB","SAS","rs334","T","A","86","0","0","86","published_genotype_call_counts_zero_completed","ensembl_rs334_phase3_20260905"
"1000genomes_phase3_rs334","CDX","EAS","rs334","T","A","93","0","0","93","published_genotype_call_counts_zero_completed","ensembl_rs334_phase3_20260905"
"1000genomes_phase3_rs334","CEU","EUR","rs334","T","A","99","0","0","99","published_genotype_call_counts_zero_completed","ensembl_rs334_phase3_20260905"
"1000genomes_phase3_rs334","CHB","EAS","rs334","T","A","103","0","0","103","published_genotype_call_counts_zero_completed","ensembl_rs334_phase3_20260905"
"1000genomes_phase3_rs334","CHS","EAS","rs334","T","A","105","0","0","105","published_genotype_call_counts_zero_completed","ensembl_rs334_phase3_20260905"
"1000genomes_phase3_rs334","CLM","AMR","rs334","T","A","92","2","0","94","published_genotype_call_counts_zero_completed","ensembl_rs334_phase3_20260905"
"1000genomes_phase3_rs334","ESN","AFR","rs334","T","A","75","24","0","99","published_genotype_call_counts_zero_completed","ensembl_rs334_phase3_20260905"
"1000genomes_phase3_rs334","FIN","EUR","rs334","T","A","99","0","0","99","published_genotype_call_counts_zero_completed","ensembl_rs334_phase3_20260905"
"1000genomes_phase3_rs334","GBR","EUR","rs334","T","A","91","0","0","91","published_genotype_call_counts_zero_completed","ensembl_rs334_phase3_20260905"
"1000genomes_phase3_rs334","GIH","SAS","rs334","T","A","103","0","0","103","published_genotype_call_counts_zero_completed","ensembl_rs334_phase3_20260905"
"1000genomes_phase3_rs334","GWD","AFR","rs334","T","A","87","26","0","113","published_genotype_call_counts_zero_completed","ensembl_rs334_phase3_20260905"
"1000genomes_phase3_rs334","IBS","EUR","rs334","T","A","107","0","0","107","published_genotype_call_counts_zero_completed","ensembl_rs334_phase3_20260905"
"1000genomes_phase3_rs334","ITU","SAS","rs334","T","A","102","0","0","102","published_genotype_call_counts_zero_completed","ensembl_rs334_phase3_20260905"
"1000genomes_phase3_rs334","JPT","EAS","rs334","T","A","104","0","0","104","published_genotype_call_counts_zero_completed","ensembl_rs334_phase3_20260905"
"1000genomes_phase3_rs334","KHV","EAS","rs334","T","A","99","0","0","99","published_genotype_call_counts_zero_completed","ensembl_rs334_phase3_20260905"
"1000genomes_phase3_rs334","LWK","AFR","rs334","T","A","79","20","0","99","published_genotype_call_counts_zero_completed","ensembl_rs334_phase3_20260905"
"1000genomes_phase3_rs334","MSL","AFR","rs334","T","A","64","21","0","85","published_genotype_call_counts_zero_completed","ensembl_rs334_phase3_20260905"
"1000genomes_phase3_rs334","MXL","AMR","rs334","T","A","64","0","0","64","published_genotype_call_counts_zero_completed","ensembl_rs334_phase3_20260905"
"1000genomes_phase3_rs334","PEL","AMR","rs334","T","A","85","0","0","85","published_genotype_call_counts_zero_completed","ensembl_rs334_phase3_20260905"
"1000genomes_phase3_rs334","PJL","SAS","rs334","T","A","96","0","0","96","published_genotype_call_counts_zero_completed","ensembl_rs334_phase3_20260905"
"1000genomes_phase3_rs334","PUR","AMR","rs334","T","A","101","3","0","104","published_genotype_call_counts_zero_completed","ensembl_rs334_phase3_20260905"
"1000genomes_phase3_rs334","STU","SAS","rs334","T","A","102","0","0","102","published_genotype_call_counts_zero_completed","ensembl_rs334_phase3_20260905"
"1000genomes_phase3_rs334","TSI","EUR","rs334","T","A","107","0","0","107","published_genotype_call_counts_zero_completed","ensembl_rs334_phase3_20260905"
"1000genomes_phase3_rs334","YRI","AFR","rs334","T","A","78","30","0","108","published_genotype_call_counts_zero_completed","ensembl_rs334_phase3_20260905"
